,satRvir,a,satRvir,hostRvir,sat_Xc,sat_Yc,sat_Zc,sat_vx,sat_vy,sat_vz,host_Xc,host_Yc,host_Zc,host_vx,host_vy,host_vz,sat_Mstar,sat_Mgas,host_Mstar,host_Mgas,sat_r_half,sat_r_gas,host_r_half,host_r_gas,x,y,z
h148_2,86.62948051882412,0.7472101728653407,86.62948051882412,225.23444419479947,18961.58275683212,18219.513829941578,18494.39292529632,-24.68,66.84,-120.56,18898.24782439212,18665.34426202948,18419.01165986682,11.37,3.84,-5.86,794183000.0,5478930000.0,100328000000.0,99059300000.0,2.8713089964964933,7.411914442819716,3.89123961367089,20.113139822599397,-63.33493243999692,445.8304320879033,-75.38126542949976
h148_3,67.06828640975134,0.6156277117306156,67.06828640975134,179.2484664008145,15683.917140510486,15626.639058557166,15446.666369114344,-140.15,-40.17,-60.09,15554.281033781226,15377.760360576787,15221.020692806105,0.95,5.93,-27.37,646964000.0,3147140000.0,68991800000.0,81012200000.0,1.9971701627112715,6.560633574225536,2.5274259233734284,18.543059913421175,-129.63610672926006,-248.878697980379,-225.64567630823876
h148_4,59.47786641697282,0.6666855732363219,59.47786641697282,203.35212978915735,16706.62573172685,16259.975149027912,16547.842746515988,-87.54,114.46,28.51,16845.50159844042,16643.039559142504,16446.41469085675,19.93,5.41,-8.92,225695000.0,1060770000.0,83682400000.0,93413000000.0,2.426535065947199,2.103174816822096,3.4462461076430575,20.24844895515459,138.87586671356985,383.06441011459174,-101.42805565923845
h148_6,62.06645640878417,0.7206113137613943,62.06645640878417,219.5453358698247,17850.082909305922,17923.795059236134,17480.187014042032,35.74,34.36,137.21,18223.888087643616,17993.059460824883,17769.076572142905,15.69,7.82,-3.45,174050000.0,1247750000.0,95676200000.0,98455100000.0,2.31080957825999,2.4380285174118814,3.974820212605982,18.284842326667835,373.8051783376941,69.26440158874902,288.8895581008728
h148_7,50.762235467654136,0.6156277117306156,50.762235467654136,179.2484664008145,15617.94771216053,15708.120714622582,15068.293474003878,36.47,-120.48,-64.42,15554.281033781226,15377.760360576787,15221.020692806105,0.95,5.93,-27.37,137262000.0,398063000.0,68991800000.0,81012200000.0,0.914265317749236,1.0454212472842332,2.5274259233734284,18.543059913421175,-63.66667837930436,-330.36035404579525,152.72721880222707
h148_10,36.70840406690167,0.537185821693962,36.70840406690167,156.7736591740836,13287.167792138844,13621.68409011882,13256.585138646837,182.6,-14.62,-61.85,13575.594533955787,13407.492940519425,13319.877510133247,1.65,4.12,-22.58,24770100.0,514276000.0,55011400000.0,75310700000.0,0.776080019357339,0.9130154540733542,2.4028969917652367,19.595620011695118,288.42674181694383,-214.19114959939543,63.29237148641005
h148_12,40.60727212186519,0.5895311905622812,40.60727212186519,171.71099923168313,14630.158247428417,14821.054059833335,14516.263150068979,223.36,4.35,-61.07,14895.501055841769,14725.284864761788,14591.381125340284,-0.65,5.02,-25.61,68757500.0,167612000.0,64426500000.0,80507000000.0,0.8738383711602626,0.5753784596734988,2.46850214038005,20.91799987505788,265.34280841335203,-95.76919507154707,75.11797527130511
h148_23,28.494729806070897,0.4573831206073492,28.494729806070897,136.7301589628589,11400.213909400429,11611.693602562416,11218.971588921495,144.42,-65.0,13.38,11556.843653627644,11415.04612051356,11376.63250038369,-1.86,5.81,-21.94,23703100.0,760219000.0,37444700000.0,69693200000.0,1.127395766637747,2.3126608657170333,2.178251397852042,19.856793363309713,156.62974422721527,-196.64748204885655,157.66091146219514
h148_27,29.53409228597021,0.4573831206073492,29.53409228597021,136.7301589628589,11446.718566619216,11617.342138154274,11277.78733970795,140.75,-28.09,27.87,11556.744746011058,11414.948426453904,11376.535135079786,-1.86,5.81,-21.94,34115600.0,547285000.0,37444300000.0,69692800000.0,1.2097575638185092,1.5779420122061745,2.178251397852042,19.856793363309713,110.02617939184165,-202.39371170036975,98.74779537183713
h148_34,28.51256826335486,0.6417404308361941,28.51256826335486,193.39494574642856,16215.754449192056,15902.536549723756,15525.399019707475,72.86,-27.24,159.1,16213.318746798554,16029.954161127047,15848.45968763056,12.34,6.89,-18.13,2981350.0,175525000.0,77549400000.0,89205700000.0,0.9747521073217911,1.165957887538291,2.9692489086296296,18.11300274470544,-2.435702393502652,127.41761140329072,323.06066792308593
h148_38,27.339081327303795,0.537185821693962,27.339081327303795,156.7736591740836,13495.25986953303,13420.03642580042,13023.074668329498,119.45,-61.76,88.45,13575.594533955787,13407.492940519425,13319.877510133247,1.65,4.12,-22.58,8245020.0,131591000.0,55011400000.0,75310700000.0,0.9988750740986098,1.2116126015870385,2.4028969917652367,19.595620011695118,80.33466442275676,-12.543485280993991,296.8028418037484
h148_55,28.176297001439877,0.5895311905622812,28.176297001439877,171.71099923168313,14634.092144585307,14621.384099296714,14442.745537803952,34.6,86.03,59.16,14895.501055841769,14725.284864761788,14591.381125340284,-0.65,5.02,-25.61,604309.0,201444000.0,64426500000.0,80507000000.0,0.47174295840307484,1.4568963962841348,2.46850214038005,20.91799987505788,261.4089112564616,103.90076546507407,148.6355875363315
h148_65,24.97169594563295,0.4573831206073492,24.97169594563295,136.7301589628589,11512.912361984032,11649.568321210403,11372.88315489999,68.14,-95.14,-126.0,11556.744746011058,11414.948426453904,11376.535135079786,-1.86,5.81,-21.94,23525100.0,102649000.0,37444300000.0,69692800000.0,0.9117336901606179,0.8328563898577341,2.178251397852042,19.856793363309713,43.83238402702591,-234.61989475649898,3.6519801797967375
h148_249,22.945288090336334,0.5634018280210481,22.945288090336334,164.77377172118335,14229.862641535974,14322.226498051288,13771.239189442305,128.99,-88.32,28.51,14235.90641850571,14069.233856672721,13958.59915804746,0.25,4.0,-24.14,748654.0,83784700.0,59910100000.0,78661300000.0,0.2772749566108003,0.4889598443774867,2.4699649379114597,18.844081973275824,6.043776969736427,-252.992641378567,187.3599686051548
h148_251,19.28080212076828,0.5000569949787919,19.28080212076828,144.5875689079427,12537.459055938622,12254.079051652145,12253.985061873937,107.97,114.55,29.09,12638.583412477321,12475.825725307097,12408.883618066233,-1.47,8.68,-23.28,1517270.0,67782300.0,47245600000.0,69070800000.0,0.7110312884620333,0.41839419621191226,2.3239650987317715,18.490257061158886,101.12435653869943,221.74667365495225,154.89855619229638
h148_282,14.305498216074376,0.3450090494536585,14.305498216074376,79.83588007988554,8860.341813001074,8516.485499385486,8622.686129199641,-86.64,71.34,3.71,8669.661750049407,8577.776225428288,8584.414087918703,48.62,8.52,-11.3,2377820.0,132874000.0,8211070000.0,33101500000.0,0.3352799505760403,0.4724467520505041,1.540718761414694,14.784764390388224,-190.68006295166742,61.29072604280191,-38.27204128093763
h229_14,25.142043149855944,0.5715739278129087,25.142043149855944,138.2348497907209,14399.5362554293,12404.402449270301,14003.03116417779,108.04,-214.98,-106.8,14660.375327628386,12343.889031232677,13972.16819845174,46.73,-142.16,-18.43,1310610.0,94279100.0,44185900000.0,37023800000.0,0.295489871808805,0.9872875466811926,0.9413192707601694,17.903637038450753,260.8390721990854,-60.51341803762443,-30.86296572604988
h229_18,24.472262026518564,0.45738312060357894,24.472262026518564,111.157792492212,11784.508397523477,10201.712251583665,11249.711888417565,47.04,-62.3,-129.04,11667.23595921617,10127.571357126573,11212.494936220757,39.83,-145.17,-20.73,51561300.0,229000000.0,37790100000.0,29056800000.0,0.8081705043974026,1.2889143480526943,0.7743641251321283,10.00931458999625,-117.27243830730731,-74.14089445709214,-37.21695219680805
h229_20,23.23306679320918,0.537185821690282,23.23306679320918,130.35407144808084,13529.507277741975,11767.591101385835,13169.057802363495,117.86,-251.94,24.79,13754.448948401663,11682.242122084734,13140.05240236489,45.92,-143.97,-19.07,481984,31015800.0,42584900000.0,34276800000.0,0.21749179552573522,0.5215918026068778,0.8794318003221897,14.849686096873969,224.9416706596876,-85.34897930110128,-29.005399998604844
h229_22,18.708524638033495,0.45738312060357894,18.708524638033495,111.157792492212,11739.588418807123,10318.01337726677,11187.374834795652,-53.94,-157.18,-99.74,11667.23595921617,10127.571357126573,11212.494936220757,39.83,-145.17,-20.73,3298340.0,34309900.0,37790100000.0,29056800000.0,0.5387319336230988,0.3610222129178509,0.7743641251321283,10.00931458999625,-72.352459590953,-190.4420201401972,25.12010142510553
h229_49,24.292780048530567,0.5960564099761234,24.292780048530567,144.18231112800925,15500.779704292252,12956.317204298884,14502.551975465338,-91.77,-151.57,66.35,15307.444276220549,12812.641444566918,14564.087600093275,47.59,-140.92,-18.67,4430970.0,45211900.0,45295400000.0,39028400000.0,0.6373717076581744,0.45861511655930765,0.9792473876210523,18.45305532716273,-193.33542807170306,-143.67575973196654,61.53562462793707
h242_8,39.9009903620512,0.4000099536676741,39.9009903620512,93.54303184286798,10620.269999348224,11617.881548064774,10341.734518098083,-37.03,192.72,-12.88,10440.901915387205,11546.791010670948,10352.83969335503,37.25,235.48,36.28,280072000.0,2436760000.0,16127600000.0,32077700000.0,1.8266894738973019,6.909977673776307,2.2506561120710646,10.261310815015722,-179.36808396101878,-71.0905373938258,11.105175256947405
h242_10,41.71896447913875,0.4000099536676741,41.71896447913875,93.54303184286798,10568.467989482164,11636.973684440825,10222.202546566368,15.66,268.18,143.0,10440.901915387205,11546.791010670948,10352.83969335503,37.25,235.48,36.28,250270000.0,2973480000.0,16127600000.0,32077700000.0,1.1970942446984,3.8768958239829647,2.2506561120710646,10.261310815015722,-127.56607409495882,-90.18267376987751,130.637146788662
h242_21,24.163704724562937,0.4775621007586611,24.163704724562937,127.30164066760847,12672.127402373984,13893.167531449324,12567.717337407954,30.15,149.91,-83.66,12541.275843298434,14040.657254171781,12425.12479982924,107.26,207.17,36.12,7722270.0,130275000.0,31312600000.0,50861100000.0,0.33876857284838546,0.5579260692023174,2.5577237470413534,10.941917631927318,-130.85155907555054,147.48972272245737,-142.59253757871375
h242_30,18.88537237647163,0.41634706582972564,18.88537237647163,98.83795406398035,10653.68579970912,12067.237043983503,10793.155152492132,235.62,95.84,49.98,10872.994874973152,12072.450001851377,10780.965081917173,46.28,222.32,40.01,2310050.0,50093800.0,19012000000.0,33527500000.0,0.15588499898893768,0.7095408988580414,2.27687689151074,14.073473943720172,219.3090752640328,5.212957867874138,-12.190070574959464
h242_38,31.97998264129503,0.774023259178426,31.97998264129503,187.6425481477986,20809.71064945143,24165.68531724601,20097.817103329042,219.66,131.02,85.79,21006.115184453676,24023.770605210488,20355.79045090054,107.15,180.34,27.83,1093870.0,26002800.0,57156700000.0,53635800000.0,0.3578680157865554,0.2158880540970724,2.1178187320989874,14.118419681462212,196.40453500224612,-141.91471203552283,257.97334757149656
h242_69,34.74166589181999,0.5960564099855099,34.74166589181999,152.52910630277017,15846.269824013849,17907.26492376831,15854.873064388534,153.27,190.68,-46.9,15897.328593454422,18026.418317719374,15582.907424034524,95.75,199.6,39.81,15584400.0,165957000.0,46937100000.0,47310500000.0,0.9113919069303456,0.891230351412788,2.4495028817564584,16.56896717513819,51.05876944057309,119.15339395106275,-271.96564035401025
h242_401,11.230703727861338,0.3523603545349563,11.230703727861338,76.82113313849595,9048.931830725625,10063.579892030883,9072.947009546493,143.51,139.88,31.62,9183.416835479218,9986.586712929105,9094.069754184377,33.89,259.77,43.02,7043920.0,67564600.0,8144510000.0,25704500000.0,0.4494715793648076,0.8157158267592421,1.4348360735745953,13.432802117784579,134.48500475359288,-76.99317910177706,21.122744637883443
h329_7,37.69202940575687,0.835306496625468,37.69202940575687,173.69394322626744,22495.930578360476,17696.01956356796,21663.47227759122,26.08,-196.61,147.01,22359.758475413142,17563.814882344737,21983.090728010375,42.29,-170.5,56.46,17590500.0,295412000.0,52420300000.0,20718800000.0,2.0380418649969436,0.918820104249219,1.7271317795132202,4.6730057581547655,-136.17210294733377,-132.204681223222,319.6184504191551
h329_29,24.24559886637497,0.6156277117403143,24.24559886637497,137.2160999912304,16330.996341177479,13425.959784532168,16239.296645578175,115.67,-208.08,-105.48,16331.58823530187,13455.098669123678,16007.642528305701,45.61,-156.06,65.42,1072020.0,55643200.0,32675000000.0,27083700000.0,0.3931415979772891,0.5438689149831388,2.7027151018844426,12.364637375272249,0.5918941243908193,29.13888459150985,-231.65411727247374
h329_117,16.243175627671793,0.3953989649687662,16.243175627671793,80.50407230984747,10288.036804217094,8989.66776451704,10011.974325218276,57.81,-50.19,137.91,10331.611638663515,9056.10787446956,10134.741632673204,55.29,-130.79,32.23,2244770.0,31641900.0,9588960000.0,23838200000.0,0.30958358959626275,0.44566050867516377,1.8590045837911808,12.146921215948355,43.57483444642094,66.44010995252029,122.7673074549275
