,Mass_Density,Mass_Ratios,HI_Density,HI_Ratios,OVI_Density,OVI_Ratios
local,"[8.88889107e+06 2.64640329e+06 1.54005248e+06 1.08611236e+06
 8.33354475e+05 6.93817396e+05 5.61229111e+05 4.88037035e+05
 4.80133844e+05 4.72324756e+05 3.36566884e+05 2.26680054e+05
 1.55578605e+05 9.11904756e+04 5.42619070e+04 2.88636232e+04
 1.77411693e+04 1.36394362e+04 1.18362802e+04 1.06295020e+04
 9.34484643e+03 8.49656026e+03 7.82862590e+03 7.06165667e+03
 6.67834721e+03 6.02836404e+03 5.64584733e+03 5.20125701e+03
 4.87869831e+03 4.56299114e+03 4.27840185e+03 3.95075671e+03
 3.73957389e+03 3.46087347e+03 3.23191754e+03 3.03433908e+03
 2.86247796e+03 2.72409725e+03 2.59911142e+03 2.43299129e+03
 2.32988031e+03 2.21085990e+03 2.08825045e+03 1.97406764e+03
 1.88402815e+03 1.81091450e+03 1.73692716e+03 1.65279730e+03
 1.56140044e+03 1.47399147e+03 1.40839650e+03 1.35144332e+03
 1.30579435e+03 1.25912196e+03 1.22238833e+03 1.16171437e+03
 1.11705919e+03 1.06750288e+03 1.01828500e+03 9.85968274e+02
 9.48950929e+02 9.22963242e+02 8.88478392e+02 8.43091087e+02
 8.07596674e+02 8.01911480e+02 7.67369120e+02 7.52401139e+02
 7.15693519e+02 6.78286321e+02 6.43634027e+02 6.23774725e+02
 5.96246306e+02 5.82651248e+02 5.60516853e+02 5.46676926e+02
 5.25696453e+02 5.09500820e+02 4.92850212e+02 4.80582118e+02
 4.63782203e+02 4.52273068e+02 4.36902799e+02 4.20829683e+02
 4.13337374e+02 3.99286315e+02 3.90495068e+02 3.80430535e+02
 3.68215399e+02 3.61782118e+02 3.53225368e+02 3.39661141e+02
 3.36032626e+02 3.19556429e+02 3.18242014e+02 3.02502825e+02
 2.98411005e+02 2.86044143e+02 2.83220140e+02 2.75888261e+02]","[0.99412371 0.99463431 0.99474046 0.99400709 0.99462899 0.99407414
 0.99396546 0.99364162 0.99368953 0.9935758  0.99321381 0.99283037
 0.99347674 0.99339076 0.9930773  0.99411228 0.99451961 0.99399131
 0.99485142 0.99507078 0.99446796 0.99372043 0.99445273 0.99251447
 0.99370242 0.9939747  0.99207656 0.99388248 0.99382572 0.99360437
 0.99278099 0.99171215 0.99216705 0.99405936 0.99321564 0.99268305
 0.99292513 0.99329152 0.99297822 0.9938026  0.99365901 0.99450658
 0.99463593 0.99461487 0.99433512 0.9953049  0.99482809 0.99472783
 0.99432049 0.99611401 0.99397388 0.99397765 0.99418801 0.99550463
 0.99549302 0.994795   0.99480597 0.99571721 0.99578251 0.99595189
 0.99521722 0.99556468 0.99577173 0.99633812 0.99606232 0.99643861
 0.99548707 0.99531998 0.99686157 0.99704775 0.99600927 0.99522536
 0.99533898 0.99580633 0.99692864 0.99722753 0.99708377 0.99644903
 0.99607325 0.99644921 0.99640564 0.99702235 0.9974156  0.99612938
 0.99759328 0.99649125 0.99600387 0.99747804 0.99740613 0.99723115
 0.9972056  0.99647613 0.99745459 0.99720641 0.99637844 0.9965223
 0.99642    0.996811   0.9968633  0.99720978]","[2.88091058e+06 1.04359556e+06 6.60039014e+05 5.04927499e+05
 3.94776556e+05 3.29909604e+05 2.81753507e+05 2.40189517e+05
 2.38789783e+05 2.40942447e+05 1.60211784e+05 1.00635104e+05
 6.58090786e+04 3.23981169e+04 1.44156373e+04 4.63118064e+03
 1.21661823e+03 3.40363479e+02 1.16177628e+02 8.03031581e+01
 2.99384749e+01 3.23257576e+01 2.22846074e+01 1.20915196e+01
 1.27764021e+01 3.93073641e+00 3.54465255e+00 3.14457747e+00
 3.00049316e+00 3.01291155e+00 2.63090297e+00 1.51408526e+00
 1.65742465e+00 1.97658910e+00 1.10393513e+00 1.20051319e+00
 1.05282990e+00 1.53680724e+00 2.28780976e+00 1.77078467e+00
 1.00913877e+00 5.58382769e-01 4.44048235e-01 4.05647914e-01
 5.09511535e-01 1.29684230e+00 2.95462102e+00 2.51232099e+00
 1.08798294e+00 6.79349124e-01 5.88197515e-01 9.73116636e-01
 9.67539487e-01 1.10262754e+00 1.25748909e+00 1.03608548e+00
 8.91565866e-01 4.51387893e-01 1.77221575e-01 2.28653154e-01
 3.65602150e-01 9.51669800e-01 6.70199083e-01 1.43863835e-01
 1.95525085e-01 6.10039244e-01 1.03027505e+00 2.36748112e+00
 1.72489108e+00 6.23096984e-02 4.18032002e-03 2.97600580e-03
 7.17391080e-04 8.99305573e-04 1.35297273e-03 2.65240818e-03
 1.31464070e-03 1.96354410e-03 8.20185515e-04 8.50143372e-04
 6.35648305e-04 5.62591633e-04 5.38694471e-04 5.18108862e-04
 4.26993738e-04 1.48391367e-03 8.93557069e-04 6.29706693e-04
 8.90711209e-04 5.74842705e-04 6.51081252e-04 4.23590712e-04
 4.37804459e-04 4.82827642e-04 5.49244468e-04 6.05448430e-04
 6.01096063e-04 5.04099695e-04 3.77420710e-04 3.91027817e-04]","[0.99421443 0.99425122 0.99443914 0.9939922  0.99463305 0.99401754
 0.99393945 0.99367434 0.99356182 0.99345832 0.99305936 0.99261562
 0.99355701 0.99302128 0.99300885 0.99384704 0.99330636 0.99435749
 0.99649255 0.99163665 0.98607594 0.98810452 0.99509096 0.95800069
 0.99328246 0.99624084 0.97349852 0.99579571 0.99055856 0.99144447
 0.98402456 0.95517258 0.99012866 0.9928906  0.98439918 0.95158273
 0.97360701 0.99945853 0.99951472 0.99999654 0.99364318 0.98776639
 0.9988266  0.99974093 0.99926439 0.99864979 0.99987637 0.99937505
 0.99997477 0.99995409 0.9902456  0.99538174 0.9930805  0.99755775
 0.99988987 0.99547812 0.99840947 0.99541036 0.99998003 0.99932825
 0.99901648 0.99976588 0.99994479 0.99609744 0.99888303 0.9999877
 0.99997223 0.99999815 0.99999714 0.99987396 0.99916716 0.9235293
 0.78962157 0.97875839 0.99725624 0.97720909 0.99820185 0.99838039
 0.99236727 0.99638491 0.99488137 0.99645811 0.99462323 0.96926863
 0.99615727 0.93678536 0.99630909 0.99672249 0.99823181 0.92266589
 0.97972672 0.99322966 0.99702493 0.99767919 0.99452879 0.996739
 0.99518516 0.99658405 0.80875401 0.85105477]","[1.66781960e+03 3.67707013e+02 1.35338163e+02 4.80049606e+01
 2.55979949e+01 1.74792115e+01 7.15896133e+00 5.79337360e+00
 5.27659315e+00 3.52420183e+00 2.35476911e+00 1.38420475e+00
 8.33142145e-01 4.08061371e-01 3.09336722e-01 3.07205486e-01
 2.64287195e-01 2.33054381e-01 2.05745451e-01 1.93226852e-01
 1.59192478e-01 1.29070729e-01 1.06886396e-01 9.31953068e-02
 8.00425912e-02 7.18465029e-02 6.02961851e-02 5.38461816e-02
 4.73891158e-02 4.43533297e-02 4.00219569e-02 3.80598063e-02
 3.66751856e-02 3.49963102e-02 3.25778152e-02 3.04623863e-02
 2.90198247e-02 2.82495006e-02 2.74738085e-02 2.68016005e-02
 2.63546493e-02 2.67395811e-02 2.67511787e-02 2.58205217e-02
 2.53918437e-02 2.48417693e-02 2.44625142e-02 2.35675984e-02
 2.30168179e-02 2.32032163e-02 2.25888616e-02 2.19611090e-02
 2.18410336e-02 2.11667212e-02 2.03700689e-02 2.03780510e-02
 2.01810226e-02 2.00171318e-02 1.99984648e-02 1.99143027e-02
 1.94370941e-02 1.94155738e-02 1.93112706e-02 1.81688173e-02
 1.74088425e-02 1.71032230e-02 1.67420779e-02 1.56456626e-02
 1.55311555e-02 1.55687022e-02 1.46023247e-02 1.40218737e-02
 1.37224376e-02 1.32956511e-02 1.28741483e-02 1.29375166e-02
 1.20485364e-02 1.18996578e-02 1.12075315e-02 1.08807492e-02
 1.05749527e-02 1.01315479e-02 9.50387589e-03 9.41624106e-03
 9.26586574e-03 9.23163296e-03 8.63836731e-03 8.62214146e-03
 8.09632846e-03 8.21289994e-03 8.20401936e-03 7.75192901e-03
 7.83538239e-03 7.32309126e-03 7.40417389e-03 6.85075732e-03
 7.00370905e-03 6.69374681e-03 6.71594929e-03 6.42490548e-03]","[0.99006591 0.99494728 0.9938809  0.99118774 0.9923564  0.99266407
 0.99548529 0.9950573  0.99658933 0.99555468 0.99482508 0.99222459
 0.99060985 0.9963646  0.99734997 0.99639628 0.99631602 0.99444228
 0.99596922 0.99650843 0.99501804 0.99468671 0.9938256  0.99253796
 0.99407133 0.99497794 0.99383029 0.99426619 0.99451846 0.99317055
 0.98898343 0.98933495 0.9893128  0.99334802 0.99367206 0.99058962
 0.99151974 0.98772662 0.98890127 0.99010353 0.98800561 0.99338411
 0.99326243 0.99276073 0.98769686 0.99308094 0.99277697 0.9918073
 0.98912016 0.99378015 0.99087746 0.98740817 0.99278308 0.99279703
 0.99385665 0.99425551 0.9921613  0.99340516 0.99291474 0.99409157
 0.99344258 0.99357735 0.99265373 0.99451609 0.99444957 0.99288984
 0.99110865 0.98924876 0.9924598  0.99371741 0.9905713  0.99100792
 0.99068143 0.99340016 0.99304111 0.99492309 0.99448235 0.99451583
 0.9935382  0.99254255 0.99322038 0.99299738 0.9952992  0.99358164
 0.99386253 0.99277403 0.99106528 0.99486249 0.99389805 0.99424331
 0.99284882 0.99192228 0.99351308 0.99498303 0.99231238 0.99270904
 0.9923313  0.9938281  0.99453207 0.99497258]"
h14,"[1.98782357e+03 3.14747425e+02 8.62012072e+01 1.45248336e+02
 9.31834681e+01 1.82138854e+02 7.20046205e+01 9.45617898e+01
 1.37474038e+02 1.18641075e+02 9.67707474e+01 1.01419433e+02
 5.33297261e+01 2.97583261e+01 2.67231875e+01 1.33211762e+01
 1.14273743e+01 1.26674535e+01 9.53750209e+00 6.81582895e+00
 6.18763766e+00 7.34623031e+00 9.01940042e+00 8.59900966e+00
 6.83550876e+00 7.66809155e+00 8.60160964e+00 4.48968196e+00
 6.11168951e+00 6.68690854e+00 6.60152546e+00 5.88519590e+00
 6.43663454e+00 4.95822587e+00 4.48768336e+00 6.03823079e+00
 5.61679964e+00 3.43660667e+00 4.24400767e+00 3.06777286e+00
 3.51432510e+00 2.01150453e+00 2.96020594e+00 2.93793243e+00
 1.85822087e+00 1.99894417e+00 9.69758227e-01 1.72762412e+00
 1.41651831e+00 1.82922826e+00 1.92580214e+00 1.38452717e+00
 1.88561782e+00 1.18661104e+00 1.23601762e+00 1.31041294e+00
 2.10957069e+00 1.56713443e+00 1.19996987e+00 1.16136151e+00
 1.06464808e+00 1.37308005e+00 8.29453565e-01 8.79177615e-01
 1.12527639e+00 6.77573554e-01 8.01154441e-01 1.05159980e+00
 7.36618930e-01 4.34563463e-01 7.39513155e-01 7.46749875e-01
 1.01924726e+00 5.59016851e-01 5.45208467e-01 2.27686025e-01
 3.69288037e-01 4.67967404e-01 3.89675109e-01 5.03558273e-01
 3.24666371e-01 5.03688309e-01 2.22082818e-01 2.79401328e-01
 2.04257408e-01 5.23537684e-01 4.05932699e-01 1.41303869e-01
 2.20448722e-01 1.90072131e-01 2.82574256e-01 3.09162856e-01
 1.69720735e-01 2.96731483e-01 3.33091395e-01 3.48282950e-01
 1.85785197e-01 2.89661689e-01 1.95004609e-01 2.33890006e-01]","[2.22315982e-04 1.18295873e-04 5.56785110e-05 1.32930883e-04
 1.11216753e-04 2.60961350e-04 1.27523865e-04 1.92527458e-04
 2.84517566e-04 2.49571717e-04 2.85571894e-04 4.44204471e-04
 3.40547097e-04 3.24174712e-04 4.89075896e-04 4.58803968e-04
 6.40586180e-04 9.23156829e-04 8.01636777e-04 6.38057387e-04
 6.58481381e-04 8.59182883e-04 1.14571413e-03 1.20858913e-03
 1.01708723e-03 1.26433787e-03 1.51145697e-03 8.57911121e-04
 1.24499485e-03 1.45609345e-03 1.53184979e-03 1.47729175e-03
 1.70773914e-03 1.42414071e-03 1.37913088e-03 1.97540525e-03
 1.94833343e-03 1.25309487e-03 1.62140304e-03 1.25309148e-03
 1.49880695e-03 9.04830960e-04 1.40994926e-03 1.48024881e-03
 9.80714793e-04 1.09864874e-03 5.55430731e-04 1.03976198e-03
 9.02057626e-04 1.23618077e-03 1.35913219e-03 1.01831061e-03
 1.43564615e-03 9.38175032e-04 1.00659248e-03 1.12212801e-03
 1.87869500e-03 1.46175035e-03 1.17345244e-03 1.17312110e-03
 1.11655521e-03 1.48108824e-03 9.29619019e-04 1.03898403e-03
 1.38787770e-03 8.41938881e-04 1.03931585e-03 1.39111737e-03
 1.02600776e-03 6.38787058e-04 1.14438008e-03 1.19143078e-03
 1.70147223e-03 9.55412901e-04 9.69701329e-04 4.15336302e-04
 7.00425325e-04 9.15220637e-04 7.87551555e-04 1.04408846e-03
 6.97524404e-04 1.11036570e-03 5.06998052e-04 6.61359888e-04
 4.92976995e-04 1.30658302e-03 1.03537937e-03 3.70494725e-04
 5.97142074e-04 5.23922665e-04 7.97747432e-04 9.07002209e-04
 5.03786575e-04 9.25978980e-04 1.04287011e-03 1.14733384e-03
 6.20352747e-04 1.00941748e-03 6.86366931e-04 8.45405314e-04]","[7.87463735e+02 1.80830949e+02 4.12951708e+01 6.01114925e+01
 3.98996558e+01 7.95167120e+01 3.94514959e+01 3.86385897e+01
 7.37450195e+01 5.59320594e+01 4.73051007e+01 4.30689466e+01
 1.93250426e+01 1.01485241e+01 4.11731046e+00 1.64631802e+00
 9.64089381e-01 6.92976856e-02 1.98393813e-02 8.04380061e-02
 4.52383918e-02 1.24281207e-02 1.70946833e-02 5.53211196e-02
 3.26267314e-06 1.57647674e-05 2.22532461e-02 1.11586774e-06
 7.92982405e-03 6.62529102e-04 2.70111995e-03 1.19924199e-05
 5.33520779e-06 1.64635346e-06 1.27512237e-06 2.00686350e-06
 2.72062765e-06 1.35543895e-06 1.43131671e-06 1.63409479e-06
 2.86137870e-06 6.56259074e-07 1.13049169e-06 4.47197956e-06
 2.73528110e-06 7.15120843e-07 3.80016286e-07 7.13392094e-07
 8.33315388e-07 2.87968273e-05 1.28582857e-06 7.83810006e-07
 9.81695822e-07 5.66985459e-07 1.57143266e-06 1.04986127e-06
 1.94353289e-06 5.09508459e-06 9.70733596e-07 9.76760759e-07
 7.92565794e-07 3.37500222e-06 9.25086888e-07 9.18740439e-07
 1.32325325e-06 5.01482605e-07 8.82268272e-07 9.27136443e-07
 8.18048016e-07 5.97479183e-07 1.46874966e-06 1.14617780e-06
 2.33933975e-06 6.05022613e-07 7.68816506e-07 2.12195451e-07
 6.25510448e-07 5.26962788e-07 3.74306518e-07 5.21353580e-07
 7.86919764e-07 1.15744202e-06 2.17377871e-07 1.34968032e-05
 2.68868435e-07 2.73890224e-06 6.45500956e-07 2.07547211e-07
 2.78875808e-07 5.21889046e-07 6.67987716e-07 4.75221160e-07
 2.77529126e-07 4.57630358e-07 5.04863405e-07 6.05774933e-07
 2.50557703e-07 4.45568031e-07 2.98213377e-07 4.46904994e-07]","[2.71757068e-04 1.72280719e-04 6.22168288e-05 1.18334523e-04
 1.00526528e-04 2.39583831e-04 1.39172706e-04 1.59849504e-04
 3.06839911e-04 2.30620095e-04 2.93216715e-04 4.24811100e-04
 2.91761136e-04 3.11058215e-04 2.83617409e-04 3.53298310e-04
 7.87129515e-04 2.02450254e-04 1.70168698e-04 9.93301839e-04
 1.49000542e-03 3.79891550e-04 7.63341465e-04 4.38304470e-03
 2.53651692e-07 3.99556303e-06 6.11160103e-03 3.53362676e-07
 2.61788802e-03 2.18015301e-04 1.01028750e-03 7.56551225e-06
 3.18719897e-06 8.27004903e-07 1.13704999e-06 1.59073358e-06
 2.51590702e-06 8.81506140e-07 6.25323896e-07 9.22805101e-07
 2.81744150e-06 1.16090734e-06 2.54288856e-06 1.10214323e-05
 5.36448897e-06 5.50687836e-07 1.28601707e-07 2.83779925e-07
 7.65907563e-07 4.23869027e-05 2.16472537e-06 8.01743733e-07
 1.00761053e-06 5.12957205e-07 1.24952145e-06 1.00871400e-06
 2.17644228e-06 1.12357909e-05 5.47740425e-06 4.26893136e-06
 2.16570467e-06 3.54557016e-06 1.38024035e-06 6.36125815e-06
 6.76013113e-06 8.22039634e-07 8.56318681e-07 3.91612301e-07
 4.74259323e-07 9.58765475e-06 3.51055998e-04 3.55687741e-04
 2.57487607e-03 6.58475801e-04 5.66683307e-04 7.81777577e-05
 4.74947782e-04 2.67938629e-04 4.52884782e-04 6.11036749e-04
 1.23164305e-03 2.05005269e-03 4.01357526e-04 2.52495738e-02
 6.27258016e-04 1.72905175e-03 7.19728479e-04 3.28513218e-04
 3.12539799e-04 8.37671273e-04 1.00516704e-03 1.11429202e-03
 6.32025215e-04 9.45613389e-04 9.14167045e-04 9.97276519e-04
 4.14827717e-04 8.80869392e-04 6.39024988e-04 9.72668980e-04]","[3.59329377e-02 0.00000000e+00 2.01583085e-06 1.28130188e-03
 3.06804228e-08 2.16568008e-04 0.00000000e+00 1.76247387e-04
 6.06911644e-05 7.42617329e-04 1.32418736e-03 1.41378139e-03
 3.03036560e-04 2.07776598e-04 7.76303202e-05 8.08864530e-05
 1.11224276e-04 1.45401322e-04 1.02304745e-04 4.07310733e-05
 3.34750609e-05 1.09863822e-04 2.94130113e-04 4.23322573e-05
 4.95809259e-05 6.30991007e-05 5.84657405e-05 2.73746778e-05
 5.16686206e-05 9.69096429e-05 5.46029362e-05 7.36948295e-05
 6.56433948e-05 4.46978705e-05 5.15949122e-05 6.86888237e-05
 4.77032275e-05 5.21938948e-05 5.06712316e-05 1.03554787e-04
 5.20849163e-05 2.24433406e-05 4.02240797e-05 4.97773615e-05
 5.16991319e-05 3.06408089e-05 1.15040624e-05 3.31825381e-05
 2.48760317e-05 2.60640665e-05 6.53104661e-05 4.56568142e-05
 5.89101264e-05 2.35596615e-05 2.80522154e-05 3.89183130e-05
 6.72003853e-05 3.86987456e-05 4.45628772e-05 3.95791041e-05
 4.39285768e-05 3.71184510e-05 5.00986124e-05 3.28923732e-05
 3.73453241e-05 3.83391590e-05 4.29121436e-05 5.95189814e-05
 3.60207859e-05 2.74699841e-05 4.29409720e-05 5.31524566e-05
 5.94258877e-05 3.89840148e-05 3.66576316e-05 1.49778140e-05
 1.84125565e-05 2.38697676e-05 2.06395469e-05 3.75059790e-05
 1.94510753e-05 3.27104023e-05 1.12534475e-05 1.60500909e-05
 1.63323565e-05 3.33462415e-05 2.93277842e-05 1.37115296e-05
 1.85938177e-05 2.06601122e-05 2.64582436e-05 3.34973983e-05
 1.31625467e-05 2.07176095e-05 2.94698697e-05 2.66204770e-05
 1.25396901e-05 1.97612677e-05 1.75011075e-05 1.27847689e-05]","[2.13308302e-05 0.00000000e+00 1.48036278e-08 2.64558223e-05
 1.18938667e-09 1.22991406e-05 0.00000000e+00 3.02718694e-05
 1.14627308e-05 2.09782582e-04 5.59432679e-04 1.01342569e-03
 3.60311865e-04 5.07328705e-04 2.50292293e-04 2.62348703e-04
 4.19295864e-04 6.20426964e-04 4.95235137e-04 2.10058062e-04
 2.09232811e-04 8.46668221e-04 2.73481049e-03 4.50842148e-04
 6.15759386e-04 8.73838123e-04 9.63660037e-04 5.05471619e-04
 1.08432910e-03 2.17002431e-03 1.34929432e-03 1.91563955e-03
 1.77072998e-03 1.26872064e-03 1.57372195e-03 2.23365416e-03
 1.62987517e-03 1.82492780e-03 1.82387692e-03 3.82551632e-03
 1.95260385e-03 8.33777386e-04 1.49350679e-03 1.91386566e-03
 2.01100284e-03 1.22490484e-03 4.66876305e-04 1.39643773e-03
 1.06901764e-03 1.11630869e-03 2.86489287e-03 2.05280668e-03
 2.67775681e-03 1.10503473e-03 1.36866895e-03 1.89884436e-03
 3.30377815e-03 1.92053156e-03 2.21252671e-03 1.97572840e-03
 2.24521826e-03 1.89950875e-03 2.57520986e-03 1.80044711e-03
 2.13328608e-03 2.22569521e-03 2.54034158e-03 3.76328443e-03
 2.30177221e-03 1.75335112e-03 2.91296730e-03 3.75659533e-03
 4.29020884e-03 2.91273638e-03 2.82756842e-03 1.15182638e-03
 1.51976653e-03 1.99491970e-03 1.82967840e-03 3.42129749e-03
 1.82688331e-03 3.20596064e-03 1.17852416e-03 1.69357130e-03
 1.75181873e-03 3.58607007e-03 3.36472712e-03 1.58209960e-03
 2.28256045e-03 2.50108713e-03 3.20197149e-03 4.28626418e-03
 1.66898839e-03 2.81488637e-03 3.94957180e-03 3.85744042e-03
 1.77670529e-03 2.93397760e-03 2.59165337e-03 1.97987262e-03]"
h18,"[4.42117214e+04 1.23679595e+04 7.48671096e+03 5.89770345e+03
 3.98517819e+03 3.43020849e+03 2.97158646e+03 2.61377756e+03
 2.45955665e+03 2.45077939e+03 1.82473512e+03 1.25204723e+03
 7.78996937e+02 4.53929053e+02 2.72041071e+02 1.10067369e+02
 5.62153532e+01 4.38349845e+01 3.43776891e+01 2.71691289e+01
 2.87479292e+01 3.33662282e+01 1.98780958e+01 2.44661785e+01
 2.18381897e+01 1.44696052e+01 1.79343220e+01 1.60415808e+01
 1.00582170e+01 1.38964713e+01 1.24309620e+01 1.45967489e+01
 1.36418544e+01 7.55953253e+00 8.58845693e+00 7.55358860e+00
 6.97950101e+00 7.77031967e+00 9.17544639e+00 5.74544010e+00
 5.43775158e+00 4.69741669e+00 4.81540688e+00 3.80994003e+00
 5.46650695e+00 2.98522803e+00 4.55296285e+00 2.66975289e+00
 4.07464091e+00 1.91977377e+00 4.23651182e+00 3.26719486e+00
 2.57828885e+00 1.83130271e+00 1.69688773e+00 1.71611078e+00
 1.25856315e+00 1.26505250e+00 9.86887261e-01 1.24959417e+00
 7.75524597e-01 4.42628680e-01 1.08753771e+00 7.68626025e-01
 7.41170973e-01 6.60856204e-01 9.53512213e-01 7.67917309e-01
 5.78659350e-01 5.17332364e-01 7.15216222e-01 3.59102338e-01
 2.15300958e-01 4.05063335e-01 4.05824809e-01 4.67694033e-01
 2.18195934e-01 2.61286347e-01 4.94118472e-01 5.29347597e-01
 3.13697163e-01 2.05782152e-01 1.12459659e-01 3.95054108e-01
 2.40458734e-01 1.74848351e-01 2.98923924e-01 2.21851223e-01
 2.45624278e-01 2.21611187e-01 1.21183610e-01 2.87417640e-01
 1.72702397e-01 1.12230098e-01 2.15822629e-01 1.72280116e-01
 1.95896749e-01 1.20799549e-01 9.27794266e-02 1.10660320e-01]","[0.00494459 0.00464842 0.00483577 0.00539756 0.00475641 0.00491467
 0.00526283 0.00532164 0.00509032 0.00515543 0.00538482 0.00548381
 0.00497443 0.00494491 0.00497877 0.00379091 0.00315127 0.00319453
 0.00288948 0.00254341 0.00305932 0.00390237 0.00252507 0.00343872
 0.00324941 0.00238579 0.00315138 0.00306531 0.00204893 0.003026
 0.00288454 0.00366405 0.0036194  0.00217131 0.00263936 0.00247115
 0.00242102 0.0028333  0.00350544 0.00234684 0.00231912 0.00211303
 0.00229358 0.0019196  0.00288506 0.00164072 0.00260772 0.00160678
 0.00259479 0.00129737 0.00298991 0.002403   0.00196302 0.00144789
 0.00138192 0.00146953 0.00112082 0.00117998 0.00096508 0.00126225
 0.00081334 0.00047745 0.00121887 0.00090834 0.00091414 0.00082117
 0.00123697 0.00101585 0.00080599 0.00076045 0.00110678 0.00057294
 0.00035941 0.00069229 0.0007218  0.00085315 0.00041385 0.00051101
 0.00099864 0.00109756 0.00067396 0.00045364 0.00025674 0.00093512
 0.00058035 0.00043637 0.00076244 0.00058169 0.00066534 0.00061086
 0.00034212 0.00084321 0.00051264 0.00035022 0.00067572 0.00056754
 0.00065412 0.00042096 0.00032656 0.00039999]","[1.36536487e+04 5.20780055e+03 3.38155616e+03 2.72726446e+03
 1.90586087e+03 1.64937225e+03 1.49694422e+03 1.28933039e+03
 1.23626045e+03 1.26488309e+03 8.87363994e+02 5.75780720e+02
 3.27478301e+02 1.75147922e+02 7.53378050e+01 2.05527524e+01
 6.15264742e+00 1.19350992e+00 3.51520980e-01 5.37393061e-01
 3.35097739e-01 3.31612375e-01 4.52053966e-02 4.18681029e-01
 7.22608361e-02 1.04879251e-02 3.12095571e-02 7.52026031e-03
 1.48884728e-02 2.24413961e-02 2.54575595e-02 2.06793496e-02
 1.64093252e-02 7.63591512e-03 1.22135506e-02 3.69974093e-03
 1.74391588e-03 1.46877387e-05 1.09078902e-03 2.50115769e-06
 6.89654458e-04 5.86492251e-03 1.13200020e-05 1.69780295e-05
 1.18929725e-04 1.11253542e-03 1.41805652e-04 1.56835302e-03
 2.40408873e-06 1.34203680e-06 5.03300618e-03 4.51197862e-03
 6.73795416e-03 2.66399275e-03 1.35062307e-04 1.93246448e-03
 1.41618061e-03 2.06928815e-03 7.63220535e-07 4.24329206e-05
 1.15628075e-05 2.15917416e-04 9.89447090e-07 5.61523726e-04
 2.15340997e-04 5.79597972e-06 1.37115112e-06 6.95564740e-07
 3.18033798e-06 3.85853455e-06 8.51065591e-07 5.16409149e-07
 2.81192049e-06 1.07669932e-06 1.79636800e-06 5.92690087e-05
 2.13532253e-07 2.52604730e-07 3.14004025e-06 1.00101670e-06
 7.26907175e-07 2.67419450e-07 1.44041010e-07 1.45774248e-06
 4.81619037e-07 9.63930043e-05 7.04146877e-07 1.14657020e-06
 4.35859841e-07 4.73318897e-07 5.77111209e-07 5.43074848e-07
 2.31693913e-07 1.21405021e-07 5.97109267e-07 2.98464396e-07
 5.54915384e-07 2.08155374e-07 2.08205738e-07 1.89470465e-07]","[4.71193195e-03 4.96156009e-03 5.09477735e-03 5.36884922e-03
 4.80178518e-03 4.96955811e-03 5.28075739e-03 5.33401516e-03
 5.14385988e-03 5.21538921e-03 5.50025158e-03 5.67922042e-03
 4.94412578e-03 5.36838651e-03 5.18958026e-03 4.41060148e-03
 5.02332094e-03 3.48678869e-03 3.01510750e-03 6.63608587e-03
 1.10370291e-02 1.01364271e-02 2.01858982e-03 3.31717376e-02
 5.61781171e-03 2.65815314e-03 8.57135004e-03 2.38144649e-03
 4.91516006e-03 7.38468349e-03 9.52177413e-03 1.30457301e-02
 9.80276428e-03 3.83571292e-03 1.08910469e-02 2.93258715e-03
 1.61269043e-03 9.55213207e-06 4.76551719e-04 1.41245238e-06
 6.79064638e-04 1.03749142e-02 2.54628173e-05 4.18432598e-05
 2.33247397e-04 8.56721946e-04 4.79885981e-05 6.23874455e-04
 2.20961927e-06 1.97538371e-06 8.47319497e-03 4.61521358e-03
 6.91582199e-03 2.41013990e-03 1.07394516e-04 1.85672528e-03
 1.58589308e-03 4.56323906e-03 4.30650327e-06 1.85453013e-04
 3.15956436e-05 2.26829584e-04 1.47626651e-06 3.88792876e-03
 1.10011698e-03 9.50087799e-06 1.33082233e-06 2.93798944e-07
 1.84378534e-06 6.19172989e-05 2.03419064e-04 1.60254721e-04
 3.09503858e-03 1.17182471e-03 1.32407636e-03 2.18360864e-02
 1.62134254e-04 1.28438984e-04 3.79922971e-03 1.17321145e-03
 1.13771468e-03 4.73651340e-04 2.65951375e-04 2.72711809e-03
 1.12359564e-03 6.08522973e-02 7.85118219e-04 1.81483270e-03
 4.88473878e-04 7.59712522e-04 8.68418914e-04 1.27339441e-03
 5.27643341e-04 2.50862320e-04 1.08119861e-03 4.91356637e-04
 9.18727620e-04 4.11514482e-04 4.46152587e-04 4.12374099e-04]","[1.32692867e+01 1.80925061e+00 8.30827243e-01 4.08950439e-01
 1.70759943e-01 1.22770845e-01 2.84607162e-02 2.14119193e-02
 1.38294272e-02 1.49037733e-02 8.55752240e-03 4.89193198e-03
 6.08398785e-03 7.06633196e-04 6.50391781e-04 6.48204056e-04
 6.41163793e-04 9.46627297e-04 5.70503949e-04 2.77890213e-04
 4.61367577e-04 4.84697216e-04 1.75954171e-04 3.14744764e-04
 1.36742975e-04 1.23735862e-04 1.20462290e-04 1.86245767e-04
 1.06202600e-04 1.50404468e-04 3.26557666e-04 2.19738600e-04
 1.83290341e-04 7.95722199e-05 9.54344209e-05 9.81663972e-05
 1.20485822e-04 2.16220167e-04 1.94359351e-04 1.10445290e-04
 2.22575277e-04 8.92047208e-05 6.80148532e-05 8.30546389e-05
 1.96319933e-04 1.01612482e-04 1.03331429e-04 9.92019942e-05
 1.24039843e-04 6.14965743e-05 9.64365084e-05 1.66643804e-04
 3.96305048e-05 7.26956970e-05 4.29562581e-05 2.88137023e-05
 3.88332489e-05 5.79104125e-05 4.09122316e-05 3.60224295e-05
 3.57447321e-05 2.91437819e-05 4.00659545e-05 1.56667289e-05
 1.95910614e-05 2.18316424e-05 5.34441404e-05 5.37748988e-05
 5.50997425e-05 3.00441925e-05 5.14903666e-05 2.29862446e-05
 1.23987910e-05 1.69467093e-05 1.27938914e-05 1.97185167e-05
 1.66076193e-05 1.05965945e-05 1.78753720e-05 2.20638057e-05
 1.12599156e-05 1.41832250e-05 4.52983895e-06 1.67261454e-05
 2.47421403e-05 7.29597288e-06 2.13370761e-05 6.59613964e-06
 1.11508622e-05 8.00139328e-06 1.69672411e-05 1.31628105e-05
 1.51314949e-05 3.42695051e-06 7.90458830e-06 6.76597875e-06
 8.62906416e-06 6.75369854e-06 5.16786882e-06 6.26577464e-06]","[0.00787703 0.0048955  0.00610133 0.00844385 0.00661984 0.00697229
 0.00395759 0.00367766 0.00261196 0.00421018 0.00361532 0.00350663
 0.00723389 0.00172539 0.00209696 0.0021024  0.00241707 0.00403926
 0.00276169 0.00143313 0.00288374 0.00373533 0.00163602 0.00335206
 0.00169825 0.00171358 0.00198552 0.00343902 0.00222879 0.00336789
 0.00806957 0.00571193 0.00494426 0.00225861 0.00291089 0.00319222
 0.00411664 0.00756001 0.00699583 0.00408006 0.00834409 0.00331398
 0.00252537 0.00319333 0.00763649 0.00406209 0.00419356 0.00417477
 0.00533046 0.00263386 0.00423026 0.00749258 0.0018014  0.0034097
 0.00209584 0.00140584 0.00190916 0.00287396 0.00203127 0.00179818
 0.00182694 0.00149141 0.0020595  0.00085756 0.0011191  0.00126739
 0.00316382 0.0034001  0.00352094 0.00191766 0.00349293 0.00162457
 0.00089512 0.00126619 0.00098685 0.0015164  0.00137079 0.00088561
 0.00158464 0.00201266 0.00105755 0.0013901  0.00047439 0.00176491
 0.00265386 0.00078461 0.00244797 0.00076109 0.00136887 0.00096864
 0.00205337 0.00168429 0.00191865 0.00046562 0.00105938 0.00098042
 0.00122262 0.00100273 0.00076528 0.00097033]"
h20,"[3.79693452e+02 1.00342841e+02 2.95827606e+01 9.98829984e+01
 4.31034758e+01 9.08579186e+00 3.94033934e+01 4.81171092e+01
 3.00478813e+01 3.98412054e+01 2.85914755e+01 3.35192244e+01
 1.76788028e+01 1.04916188e+01 6.73483544e+00 8.09293620e+00
 6.91216829e+00 2.11463636e+00 5.04757861e+00 1.53496874e+00
 3.44331192e+00 3.28968377e+00 2.59209151e+00 5.87421489e+00
 2.41834420e+00 2.05452223e+00 3.70306373e+00 3.15015740e+00
 3.65073690e+00 1.24738721e+00 1.72310570e+00 1.97390616e+00
 4.09175013e-01 1.42668360e+00 9.11033531e-01 1.88649976e+00
 1.45780064e+00 1.55150046e+00 1.02368053e+00 1.80216233e+00
 6.20336918e-01 1.35021969e+00 8.39514941e-01 1.14511794e+00
 1.20047868e+00 1.04570832e+00 8.69287738e-01 8.65987688e-01
 1.14348873e+00 2.66488772e-01 9.93989425e-01 1.13956171e+00
 1.15344040e+00 6.56430895e-01 1.01921110e+00 5.43041932e-01
 1.13032689e+00 5.87642422e-01 5.76199035e-01 3.67419119e-01
 8.69728695e-01 8.02999641e-01 6.08999498e-01 6.12205654e-01
 4.38488854e-01 4.73751357e-01 5.23437181e-01 6.22499476e-01
 3.55876943e-01 3.58535521e-01 4.23729347e-01 4.83416952e-01
 4.52311049e-01 6.19101136e-01 2.72820707e-01 1.90044611e-01
 4.21809244e-01 4.01043177e-01 4.45761379e-01 2.98697988e-01
 5.23364954e-01 2.52563226e-01 1.58715261e-01 4.98450385e-01
 3.24227246e-01 2.37408233e-01 4.04962855e-01 3.11827593e-01
 1.93494176e-01 1.08505726e-01 3.70349567e-01 2.84676371e-01
 1.94479533e-01 2.90848658e-01 3.16291242e-01 3.49329670e-01
 3.41654009e-01 2.72907173e-01 2.61752474e-01 1.46454424e-01]","[4.24644942e-05 3.77132362e-05 1.91079002e-05 9.14126495e-05
 5.14450548e-05 1.30177634e-05 6.97854248e-05 9.79662584e-05
 6.21873784e-05 8.38094062e-05 8.43738632e-05 1.46810023e-04
 1.12891354e-04 1.14291291e-04 1.23257964e-04 2.78734489e-04
 3.87476541e-04 1.54106822e-04 4.24254130e-04 1.43694648e-04
 3.66433349e-04 3.84746988e-04 3.29267550e-04 8.25619756e-04
 3.59836711e-04 3.38755771e-04 6.50694661e-04 6.01947998e-04
 7.43681205e-04 2.71622131e-04 3.99837752e-04 4.95486526e-04
 1.08560488e-04 4.09783308e-04 2.79973959e-04 6.17167787e-04
 5.05676168e-04 5.65725858e-04 3.91092299e-04 7.36128247e-04
 2.64564393e-04 6.07366556e-04 3.99861867e-04 5.76956586e-04
 6.33577645e-04 5.74736480e-04 4.97886082e-04 5.21190380e-04
 7.28188772e-04 1.80091409e-04 7.01506659e-04 8.38140128e-04
 8.78190823e-04 5.18996583e-04 8.30028810e-04 4.65015681e-04
 1.00662162e-03 5.48125611e-04 5.63465949e-04 3.71139494e-04
 9.12132487e-04 8.66164591e-04 6.82542749e-04 7.23485088e-04
 5.40817264e-04 5.88673636e-04 6.79040808e-04 8.23478507e-04
 4.95687104e-04 5.27029697e-04 6.55711695e-04 7.71286153e-04
 7.55061817e-04 1.05810265e-03 4.85235682e-04 3.46672247e-04
 8.00041829e-04 7.84334526e-04 9.00904520e-04 6.19326778e-04
 1.12441528e-03 5.56768022e-04 3.62334776e-04 1.17986229e-03
 7.82525222e-04 5.92495203e-04 1.03290567e-03 8.17603079e-04
 5.24128751e-04 2.99089659e-04 1.04554966e-03 8.35165325e-04
 5.77278775e-04 9.07621061e-04 9.90270800e-04 1.15078200e-03
 1.14081211e-03 9.51031085e-04 9.21302544e-04 5.29365706e-04]","[1.45692980e+02 5.03579422e-03 5.10037812e-06 4.46941988e+01
 1.77841796e+01 3.44514751e+00 1.52730534e+01 2.31226385e+01
 1.81449815e+01 1.92790252e+01 1.26016947e+01 1.51614414e+01
 5.71055464e+00 1.53017939e+00 1.48989896e+00 6.93002740e-01
 1.33877302e-02 1.23112304e-01 1.06203887e-02 2.42652961e-07
 3.19390632e-02 6.91755416e-07 4.11729508e-02 3.63707722e-02
 2.05155554e-03 2.37595661e-03 8.10477698e-07 7.64258860e-07
 9.57711884e-07 4.49476046e-07 5.05823077e-07 5.82993648e-07
 7.58687951e-08 4.25496525e-07 2.83611717e-07 5.51270958e-07
 4.10248632e-07 1.33371506e-06 7.69837345e-07 6.04950006e-07
 1.00675219e-03 5.23385692e-07 4.92209275e-04 4.72615077e-07
 2.52277944e-04 5.28275986e-07 4.16182988e-07 3.74584190e-07
 5.99399650e-07 1.89518752e-07 7.59112180e-04 6.49064912e-07
 5.71271158e-07 3.30245459e-05 6.77424616e-07 2.69972519e-07
 8.54260245e-07 2.90556479e-07 3.08735489e-07 1.77388126e-07
 7.12900815e-07 7.81026727e-07 5.20052511e-07 3.54966084e-07
 1.00993512e-06 4.85055105e-07 2.99196690e-07 6.12458516e-07
 2.90470491e-07 2.52161732e-06 3.95565203e-07 5.97386683e-07
 7.05359385e-07 1.20409435e-06 2.41542720e-07 1.18491553e-07
 4.36240407e-07 4.32919628e-07 6.88623172e-07 2.94728803e-07
 7.32051822e-07 2.42600744e-07 1.57145413e-07 4.69801331e-07
 5.11148767e-07 2.65281252e-07 4.51911006e-07 3.59118150e-07
 2.24574197e-07 1.66304965e-07 4.38622564e-07 3.48451097e-07
 2.29426826e-07 3.61925315e-07 4.87424447e-07 6.53939502e-07
 5.40430523e-07 4.30365198e-07 3.05197432e-07 2.10627609e-07]","[5.02792641e-05 4.79768673e-09 7.68441797e-12 8.79842855e-05
 4.48069485e-05 1.03802285e-05 5.38786205e-05 9.56593476e-05
 7.54980410e-05 7.94916309e-05 7.81105521e-05 1.49545069e-04
 8.62154845e-05 4.69008957e-05 1.02630416e-04 1.48717741e-04
 1.09303948e-05 3.59667382e-04 9.10944590e-05 2.99643967e-09
 1.05196881e-03 2.11449538e-08 1.83852605e-03 2.88162498e-03
 1.59495148e-04 6.02183601e-04 2.22588485e-07 2.42018429e-07
 3.16171261e-07 1.47906945e-07 1.89190684e-07 3.67786121e-07
 4.53232480e-08 2.13737645e-07 2.52901766e-07 4.36963062e-07
 3.79378417e-07 8.67378068e-07 3.36332054e-07 3.41627030e-07
 9.91293248e-04 9.25857357e-07 1.10715837e-03 1.16478508e-06
 4.94772639e-04 4.06805595e-07 1.40840918e-07 1.49005679e-07
 5.50913534e-07 2.78958263e-07 1.27798482e-03 6.63915646e-07
 5.86351516e-07 2.98776247e-05 5.38652791e-07 2.59391470e-07
 9.56633215e-07 6.40741443e-07 1.74205270e-06 7.75274527e-07
 1.94801824e-06 8.20498737e-07 7.75924366e-07 2.45774628e-06
 5.15947633e-06 7.95111369e-07 2.90396609e-07 2.58695784e-07
 1.68398842e-07 4.04639976e-05 9.45467708e-05 1.85384082e-04
 7.76378465e-04 1.31047498e-03 1.78037576e-04 4.36550543e-05
 3.31235736e-04 2.20121599e-04 8.33186015e-04 3.45428010e-04
 1.14576680e-03 4.29692634e-04 2.90146803e-04 8.78895778e-04
 1.19248718e-03 1.67470385e-04 5.03877211e-04 5.68425172e-04
 2.51683267e-04 2.66932010e-04 6.60025529e-04 8.17043324e-04
 5.22480438e-04 7.47855596e-04 8.82589947e-04 1.07656900e-03
 8.94746232e-04 8.50814025e-04 6.53990734e-04 4.58421687e-04]","[0.00000000e+00 0.00000000e+00 2.09414949e-03 8.14920722e-06
 0.00000000e+00 1.53368159e-06 5.90247474e-05 3.71666097e-04
 0.00000000e+00 3.39784542e-05 3.44445632e-06 1.17108438e-03
 3.71233659e-04 3.89257185e-04 2.45119810e-05 2.17841898e-05
 5.58447438e-05 3.66155197e-05 2.47534900e-05 1.06097826e-05
 2.20098842e-05 1.50199415e-05 9.90323369e-06 3.80649918e-05
 1.00784618e-05 3.14833395e-05 1.82066148e-05 2.05765593e-05
 2.64030971e-05 1.60407387e-05 1.85197883e-05 2.25166714e-05
 8.57530106e-07 1.13469778e-05 1.16151839e-05 1.67859794e-05
 1.05013843e-05 1.37308495e-05 3.74099048e-05 1.66817338e-05
 4.07929706e-06 1.69973789e-05 2.86221548e-06 2.01812851e-05
 2.16386199e-05 1.63620033e-05 1.42423508e-05 1.51939027e-05
 2.80881399e-05 5.68624808e-06 1.77356628e-05 3.56559842e-05
 1.88555016e-05 7.36974825e-06 2.55387549e-05 7.55577453e-06
 2.03961203e-05 1.72078118e-05 1.33079992e-05 4.30297897e-06
 1.58043908e-05 2.19562791e-05 2.41286072e-05 1.71960500e-05
 7.46497787e-06 9.75883156e-06 1.27414541e-05 1.61346901e-05
 9.08083325e-06 1.36950810e-05 2.25187218e-05 1.09224877e-05
 1.50963442e-05 1.22271634e-05 9.72389031e-06 5.38482415e-06
 1.54943457e-05 1.17385536e-05 1.29870040e-05 1.26215035e-05
 1.90301291e-05 8.37216919e-06 4.82238394e-06 1.51366978e-05
 7.14772362e-06 6.60991017e-06 1.43259421e-05 1.04537512e-05
 5.20155307e-06 3.26002559e-06 1.00958815e-05 8.03032236e-06
 5.87445722e-06 7.49808460e-06 1.01494989e-05 1.07938342e-05
 1.63303920e-05 8.07694685e-06 6.22410725e-06 5.51291157e-06]","[0.00000000e+00 0.00000000e+00 1.53787753e-05 1.68261658e-07
 0.00000000e+00 8.70995013e-08 8.20765260e-06 6.38365636e-05
 0.00000000e+00 9.59860156e-06 1.45518790e-06 8.39455802e-04
 4.41398531e-04 9.50450366e-04 7.90304601e-05 7.06552671e-05
 2.10524815e-04 1.56238302e-04 1.19826290e-04 5.47167110e-05
 1.37570771e-04 1.15751545e-04 9.20798865e-05 4.05395407e-04
 1.25167236e-04 4.36002130e-04 3.00090052e-04 3.79944809e-04
 5.54101233e-04 3.59188125e-04 4.57642885e-04 5.85303292e-04
 2.31318669e-05 3.22076750e-04 3.54280472e-04 5.45854049e-04
 3.58800576e-04 4.80090808e-04 1.34654438e-03 6.16255868e-04
 1.52928174e-04 6.31458142e-04 1.06273115e-04 7.75940455e-04
 8.41703229e-04 6.54091643e-04 5.78005913e-04 6.39412780e-04
 1.20705414e-03 2.43538671e-04 7.77988230e-04 1.60315264e-03
 8.57075870e-04 3.45668284e-04 1.24603709e-03 3.68650097e-04
 1.00273616e-03 8.53984936e-04 6.60736147e-04 2.14798136e-04
 8.07772738e-04 1.12359603e-03 1.24027840e-03 9.41269223e-04
 4.26423757e-04 5.66527415e-04 7.54277064e-04 1.02016914e-03
 5.80276336e-04 8.74128123e-04 1.52759234e-03 7.71956162e-04
 1.08986961e-03 9.13566848e-04 7.50047505e-04 4.14104657e-04
 1.27889834e-03 9.81051520e-04 1.15128693e-03 1.15133425e-03
 1.78734721e-03 8.20559913e-04 5.05027099e-04 1.59719201e-03
 7.66669287e-04 7.10832765e-04 1.64359112e-03 1.20620208e-03
 6.38538010e-04 3.94654588e-04 1.22180161e-03 1.02754497e-03
 7.44871123e-04 1.01875924e-03 1.36024268e-03 1.56408063e-03
 2.31379673e-03 1.19919336e-03 9.21697588e-04 8.53739537e-04]"
h22,"[2.38484466e+03 5.56061487e+02 1.14796232e+02 1.73585086e+02
 1.21237684e+02 1.79760053e+02 1.04976737e+02 1.25492318e+02
 1.20905426e+02 1.13051968e+02 1.11109231e+02 5.39599370e+01
 5.41767418e+01 3.95982376e+01 2.05105416e+01 1.59671318e+01
 1.25077269e+01 1.19318055e+01 6.19827818e+00 8.46963116e+00
 5.22990012e+00 2.38113061e+00 4.06205926e+00 4.56364550e+00
 2.60186069e+00 4.71732758e+00 6.17078990e+00 2.90592360e+00
 3.69202482e+00 1.75936735e+00 1.63441272e+00 2.22012999e+00
 3.88333361e+00 2.87278513e+00 2.56332007e+00 2.37563355e+00
 2.12975456e+00 2.14083215e+00 1.13351573e+00 2.20952841e+00
 1.60063193e+00 2.21892984e+00 1.30896781e+00 1.12519497e+00
 1.65861069e+00 1.06305188e+00 1.51777431e+00 9.86961608e-01
 8.17099131e-01 9.81195132e-01 3.43982664e-01 1.05807578e+00
 9.68442140e-01 6.89574493e-01 3.70492526e-01 4.26180718e-01
 3.45511104e-01 4.45342710e-01 5.61258518e-01 4.38403203e-01
 4.81073759e-01 5.78986296e-01 4.89247503e-01 3.83529408e-01
 3.19090230e-01 4.31470183e-01 3.67793069e-01 1.91905013e-01
 1.85897053e-01 2.70853566e-01 2.08144432e-01 4.71464459e-01
 3.76065165e-01 1.61725031e-01 2.37652519e-01 2.70939732e-01
 2.23820209e-01 2.18708194e-01 1.77614142e-01 2.77894044e-01
 1.67720401e-01 9.82088311e-02 2.91366915e-01 1.78902216e-01
 8.30243308e-02 2.40903393e-01 1.98591361e-01 2.00357634e-01
 1.31990904e-01 2.65032869e-01 1.07696970e-01 2.14134635e-01
 1.90624961e-01 2.52064786e-02 1.15205617e-01 1.61964214e-01
 2.53986062e-01 1.38822022e-01 2.28775900e-01 1.10571933e-01]","[2.66718380e-04 2.08992271e-04 7.41484196e-05 1.58864600e-04
 1.44700147e-04 2.57553098e-04 1.85919169e-04 2.55501900e-04
 2.50227010e-04 2.37814550e-04 3.27884969e-04 2.36337795e-04
 3.45955876e-04 4.31366577e-04 3.75374814e-04 5.49935179e-04
 7.01147678e-04 8.69545545e-04 5.20971602e-04 7.92876518e-04
 5.56560039e-04 2.78486595e-04 5.15994244e-04 6.41419483e-04
 3.87142986e-04 7.77807083e-04 1.08431837e-03 5.55278569e-04
 7.52091851e-04 3.83107271e-04 3.79257007e-04 5.57293208e-04
 1.03030874e-03 8.25143989e-04 7.87745833e-04 7.77187749e-04
 7.38760909e-04 7.80614725e-04 4.33054319e-04 9.02524843e-04
 6.82645516e-04 9.98136664e-04 6.23462773e-04 5.66918589e-04
 8.75366362e-04 5.84268753e-04 8.69307905e-04 5.93997931e-04
 5.20339551e-04 6.63085399e-04 2.42765288e-04 7.78207765e-04
 7.37339356e-04 5.45201038e-04 3.01723039e-04 3.64945513e-04
 3.07697668e-04 4.15395037e-04 5.48855594e-04 4.42842341e-04
 5.04528605e-04 6.24530078e-04 5.48329411e-04 4.53242805e-04
 3.93555056e-04 5.36135923e-04 4.77127939e-04 2.53863111e-04
 2.58928750e-04 3.98141508e-04 3.22098858e-04 7.52216089e-04
 6.27781364e-04 2.76403441e-04 4.22685958e-04 4.94238090e-04
 4.24517793e-04 4.27735458e-04 3.58966458e-04 5.76191438e-04
 3.60336280e-04 2.16498409e-04 6.65168333e-04 4.23472393e-04
 2.00379930e-04 6.01218009e-04 5.06530759e-04 5.25332017e-04
 3.57531318e-04 7.30547535e-04 3.04043909e-04 6.28214494e-04
 5.65837145e-04 7.86592278e-05 3.60695283e-04 5.33551878e-04
 8.48081298e-04 4.83769102e-04 8.05233337e-04 3.99666927e-04]","[8.31252946e+02 2.54390851e+02 7.18648335e+01 9.13687945e+01
 4.62514686e+01 8.20688904e+01 5.80188018e+01 5.75728492e+01
 6.03071584e+01 6.24125872e+01 5.24431377e+01 2.42134494e+01
 1.92599538e+01 1.08096083e+01 6.42817372e+00 1.38360014e+00
 1.66627046e-06 2.59748298e-01 2.69378016e-02 1.50468247e-02
 1.03954458e-02 9.53425635e-04 3.65979754e-03 3.70074204e-03
 6.63648326e-03 1.02557462e-06 3.78333523e-02 2.80697135e-03
 2.64884460e-03 1.64622110e-03 4.44371164e-07 8.79682883e-07
 9.93803253e-05 6.51379387e-03 4.34899844e-06 6.75159376e-07
 6.83554817e-07 8.93296514e-07 4.20576746e-07 6.77610523e-07
 1.94846798e-03 1.39093997e-06 1.33652699e-06 4.63807865e-07
 9.44522159e-07 6.28562059e-04 2.22197876e-04 6.43658515e-07
 2.27650782e-05 5.35394450e-07 1.99843722e-07 9.71052262e-07
 4.53500376e-07 4.40595498e-07 4.42730659e-07 2.98521789e-07
 2.37518760e-07 2.34991747e-06 7.95782981e-07 1.07639669e-06
 1.58367828e-06 1.91349322e-06 3.25564608e-05 4.35509334e-07
 5.04821346e-07 2.48644175e-07 2.44904358e-05 1.89057076e-07
 3.21217220e-07 2.62743787e-07 2.82054204e-07 1.62232630e-06
 1.10104204e-06 9.84261243e-08 3.55288557e-07 4.62681689e-07
 6.11235478e-07 6.67060618e-07 7.55092125e-07 1.06706218e-06
 4.75678517e-07 1.00127622e-07 1.71093656e-06 7.88649282e-07
 2.69998277e-07 4.95859704e-07 7.47221899e-07 2.85529794e-07
 2.62388728e-07 8.44699069e-07 2.34805378e-07 1.40287686e-06
 3.41064979e-07 1.67824956e-08 2.16983658e-07 3.62211501e-07
 9.57844610e-07 3.07229214e-07 5.88237840e-07 2.04523486e-07]","[2.86868910e-04 2.42362487e-04 1.08274211e-04 1.79867149e-04
 1.16529816e-04 2.47273544e-04 2.04672433e-04 2.38181347e-04
 2.50927361e-04 2.57340727e-04 3.25064408e-04 2.38829665e-04
 2.90778453e-04 3.31320834e-04 4.42799248e-04 2.96919299e-04
 1.36042434e-09 7.58843654e-04 2.31054111e-04 1.85808169e-04
 3.42392159e-04 2.91434523e-05 1.63423631e-04 2.93206607e-04
 5.15943564e-04 2.59930764e-07 1.03905001e-02 8.88885730e-04
 8.74468146e-04 5.41714148e-04 1.66206107e-07 5.54954855e-07
 5.93687974e-05 3.27204309e-03 3.87808162e-06 5.35162798e-07
 6.32118974e-07 5.80953028e-07 1.83744582e-07 3.82659837e-07
 1.91854876e-03 2.46054111e-06 3.00633717e-06 1.14307924e-06
 1.85241608e-06 4.84032151e-04 7.51942144e-05 2.56040636e-07
 2.09235853e-05 7.88062943e-07 3.36442032e-07 9.93270129e-07
 4.65471833e-07 3.98610990e-07 3.52036373e-07 2.86821806e-07
 2.65982570e-07 5.18208892e-06 4.49023821e-06 4.70439003e-06
 4.32743816e-06 2.01019852e-06 4.85746164e-05 3.01541892e-06
 2.57899120e-06 4.07582167e-07 2.37701143e-05 7.98556425e-08
 1.86224107e-07 4.21620835e-06 6.74157229e-05 5.03448572e-04
 1.21190041e-03 1.07121981e-04 2.61877955e-04 1.70462735e-04
 4.64108849e-04 3.39172541e-04 9.13608812e-04 1.25061806e-03
 7.44505559e-04 1.77345298e-04 3.15900263e-03 1.47539072e-03
 6.29893888e-04 3.13033112e-04 8.33146530e-04 4.51946866e-04
 2.94062511e-04 1.35580570e-03 3.53327795e-04 3.28944629e-03
 7.76717277e-04 3.46781027e-05 3.92896985e-04 5.96302365e-04
 1.58582430e-03 6.07379327e-04 1.26050241e-03 4.45136335e-04]","[3.23984298e+00 4.44984476e-04 0.00000000e+00 1.54377291e-02
 2.52696042e-02 3.51323479e-03 6.00797902e-06 5.10568307e-03
 1.36200400e-03 5.00043317e-06 2.36197808e-03 6.48226710e-04
 1.09528499e-03 1.06826630e-04 1.83340055e-05 3.07638123e-04
 6.02923128e-05 1.16179621e-04 3.18846241e-05 1.29144381e-04
 3.08662726e-05 8.75669501e-06 6.62356475e-05 5.22138255e-05
 3.12974029e-05 2.97625481e-05 4.75137685e-05 1.33885605e-05
 2.99756405e-05 1.08297103e-05 1.05968169e-05 6.08594801e-05
 7.78728047e-05 5.72492242e-05 1.16111397e-05 1.45614983e-05
 5.31408655e-05 3.97503401e-05 1.31115030e-05 2.28076289e-05
 1.81629924e-05 3.24364182e-05 5.17050372e-05 1.80384138e-05
 4.25992548e-05 9.97896070e-06 3.32865918e-05 2.24587621e-05
 3.41225815e-05 4.24632648e-05 1.52622309e-05 1.70870528e-05
 2.56471687e-05 3.52550020e-05 1.43172415e-05 2.72207980e-05
 1.58054868e-05 9.08473473e-06 2.16397280e-05 1.53886898e-05
 1.36117130e-05 1.93330293e-05 1.32015546e-05 2.48292371e-05
 7.75987481e-06 2.87852135e-05 7.36252800e-06 1.79510390e-05
 6.31330002e-06 1.05362418e-05 8.66550637e-06 1.13301895e-05
 2.62932028e-05 3.23849450e-06 1.35205513e-05 7.23106732e-06
 6.40420529e-06 4.66921176e-06 5.12676638e-06 4.92154030e-06
 1.05257960e-05 6.54143805e-06 1.57570904e-05 5.76453789e-06
 5.31095005e-06 1.25732384e-05 7.19417929e-06 1.12853693e-05
 9.69114842e-06 1.05106292e-05 2.79940710e-06 5.81645503e-06
 8.03703887e-06 3.76190948e-07 2.90669286e-06 4.82390018e-06
 1.32600893e-05 3.75193014e-06 7.86660876e-06 5.87586940e-06]","[1.92326442e-03 1.20404583e-06 0.00000000e+00 3.18752220e-04
 9.79625693e-04 1.99520553e-04 8.35436097e-07 8.76941062e-04
 2.57241486e-04 1.41257649e-06 9.97870669e-04 4.64661372e-04
 1.30229889e-03 2.60838884e-04 5.91117010e-05 9.97799503e-04
 2.27291364e-04 4.95738062e-04 1.54346568e-04 6.66022675e-04
 1.92926818e-04 6.74836832e-05 6.15856507e-04 5.56081692e-04
 3.88691200e-04 4.12171471e-04 7.83144444e-04 2.47218887e-04
 6.29075419e-04 2.42501509e-04 2.61858169e-04 1.58199466e-03
 2.10061820e-03 1.62498283e-03 3.54157117e-04 4.73517372e-04
 1.81566284e-03 1.38984648e-03 4.71939738e-04 8.42558412e-04
 6.80909778e-04 1.20502346e-03 1.91979094e-03 6.93550236e-04
 1.65703406e-03 3.98921494e-04 1.35088983e-03 9.45143574e-04
 1.46637703e-03 1.81867673e-03 6.69489274e-04 7.68262454e-04
 1.16579075e-03 1.65358919e-03 6.98538909e-04 1.32811663e-03
 7.77046468e-04 4.50854919e-04 1.07440271e-03 7.68179885e-04
 6.95703545e-04 9.89353203e-04 6.78597111e-04 1.35909100e-03
 4.43269226e-04 1.67106200e-03 4.35851823e-04 1.13501380e-03
 4.03427582e-04 6.72506081e-04 5.87838036e-04 8.00770832e-04
 1.89821870e-03 2.41967914e-04 1.04290108e-03 5.56084761e-04
 5.28601058e-04 3.90230130e-04 4.54483509e-04 4.48943180e-04
 9.88603489e-04 6.41129164e-04 1.65017090e-03 6.08261721e-04
 5.69655810e-04 1.35213182e-03 8.25376033e-04 1.30215802e-03
 1.18967673e-03 1.27240352e-03 3.38783701e-04 7.44262662e-04
 1.01908277e-03 5.11127876e-05 3.89556937e-04 6.99007292e-04
 1.87877616e-03 5.57053279e-04 1.16492760e-03 9.09947848e-04]"
h49,"[3.57836739e+03 9.37277950e+02 4.25496690e+02 2.31799695e+02
 2.57421447e+02 3.34781234e+02 2.19351771e+02 2.41033169e+02
 3.01127485e+02 3.31615466e+02 2.38406531e+02 1.96003189e+02
 1.17361195e+02 7.29323939e+01 5.22480660e+01 2.34987499e+01
 1.07017219e+01 1.19016214e+01 6.09437709e+00 8.66509126e+00
 8.37488243e+00 7.30863308e+00 8.11813424e+00 9.75590027e+00
 8.63002817e+00 7.63336094e+00 8.68204221e+00 5.42731107e+00
 6.79690239e+00 5.78093118e+00 8.72041239e+00 8.34094313e+00
 5.15215436e+00 3.86545692e+00 5.52577831e+00 4.51180151e+00
 4.21210985e+00 3.49870668e+00 2.80280167e+00 2.34733912e+00
 3.69497585e+00 1.93420621e+00 1.33784175e+00 1.66999023e+00
 5.49772707e-01 1.44959276e+00 1.12015807e+00 2.50968596e+00
 1.46690170e+00 7.53572157e-01 1.03833583e+00 1.33881173e+00
 1.04783829e+00 1.32186155e+00 1.21161648e+00 2.08261186e+00
 9.88365150e-01 7.26386647e-01 9.88480386e-01 7.90753109e-01
 1.36946259e+00 9.14181500e-01 7.57439013e-01 4.55107005e-01
 5.68605283e-01 6.22471746e-01 8.32882984e-01 9.03886417e-01
 3.96174843e-01 4.27114629e-01 4.92255335e-01 9.31856522e-01
 7.29204414e-01 7.08830879e-01 2.65344705e-01 3.63494096e-01
 3.04421410e-01 4.66665094e-01 4.35761481e-01 1.03027842e-01
 3.43563114e-01 2.90489578e-01 3.47431806e-01 2.83393314e-01
 1.45221033e-01 2.29231352e-01 2.58320179e-01 8.65146021e-02
 1.66027448e-01 2.19278024e-01 1.08014817e-01 1.05764171e-01
 1.29995777e-01 1.70194404e-01 1.76310438e-01 2.38287694e-02
 9.48265220e-02 9.29233574e-02 1.12859211e-01 1.70366467e-01]","[4.00200637e-04 3.52270120e-04 2.74833995e-04 2.12142452e-04
 3.07238807e-04 4.79661318e-04 3.88483204e-04 4.90742652e-04
 6.23216281e-04 6.97581688e-04 7.03541168e-04 8.58469524e-04
 7.49432203e-04 7.94494883e-04 9.56220873e-04 8.09336920e-04
 5.99908164e-04 8.67345838e-04 5.12238609e-04 8.11174330e-04
 8.91245489e-04 8.54785676e-04 1.03122832e-03 1.37118988e-03
 1.28410214e-03 1.25861139e-03 1.52559041e-03 1.03707803e-03
 1.38457761e-03 1.25881429e-03 2.02352653e-03 2.09372919e-03
 1.36694659e-03 1.11026700e-03 1.69815268e-03 1.47603441e-03
 1.46108014e-03 1.27573848e-03 1.07079711e-03 9.58816307e-04
 1.57585179e-03 8.70060018e-04 6.37215460e-04 8.41408409e-04
 2.90154005e-04 7.96717233e-04 6.41572507e-04 1.51044200e-03
 9.34142436e-04 5.09259248e-04 7.32804074e-04 9.84687205e-04
 7.97788917e-04 1.04510868e-03 9.86720603e-04 1.78337457e-03
 8.80196466e-04 6.77539794e-04 9.66636536e-04 7.98760035e-04
 1.43623101e-03 9.86092153e-04 8.48907935e-04 5.37830923e-04
 7.01298449e-04 7.73470513e-04 1.08047643e-03 1.19571352e-03
 5.51816476e-04 6.27837636e-04 7.61754132e-04 1.48676630e-03
 1.21729153e-03 1.21145931e-03 4.71938952e-04 6.63072287e-04
 5.77393372e-04 9.12673662e-04 8.80694262e-04 2.13620124e-04
 7.38122817e-04 6.40375522e-04 7.93160183e-04 6.70809161e-04
 3.50492203e-04 5.72088319e-04 6.58876176e-04 2.26838826e-04
 4.49728055e-04 6.04426991e-04 3.04941235e-04 3.10284158e-04
 3.85869926e-04 5.31107920e-04 5.52007314e-04 7.84981101e-05
 3.16633910e-04 3.23820735e-04 3.97235894e-04 6.15796797e-04]","[1.34663242e+03 3.91061968e+02 1.96189785e+02 1.28397250e+02
 1.20382023e+02 1.71144828e+02 1.08306384e+02 1.20365284e+02
 1.58876769e+02 1.84039161e+02 1.20029990e+02 9.04311859e+01
 5.49828522e+01 3.00501255e+01 1.41182726e+01 4.39619953e+00
 1.06835311e+00 2.85733708e-01 2.62441023e-06 4.43897583e-02
 8.07601516e-05 4.41651804e-02 2.80278317e-03 1.60255603e-02
 5.45424006e-03 1.95135871e-03 5.19884533e-03 2.94740920e-03
 3.13088478e-03 1.24888410e-03 1.45525415e-02 5.03650754e-02
 9.99974472e-06 1.19981384e-06 5.27577049e-03 5.73800761e-02
 2.67928747e-02 8.14312378e-04 1.73618401e-05 7.17726886e-07
 2.80821189e-03 1.04814762e-03 1.56603026e-05 8.27305951e-05
 1.88233992e-07 1.10337705e-05 5.19739578e-07 9.59872428e-07
 8.52057097e-07 3.27313649e-07 4.26683387e-07 5.77837213e-07
 1.58134511e-06 1.45516312e-06 7.50867535e-07 2.77225417e-03
 1.10245249e-06 4.23619282e-06 7.01197972e-07 1.09037578e-04
 3.45280887e-04 8.74567208e-07 2.01274114e-06 4.04590953e-07
 4.61706080e-07 4.72811938e-07 1.56492960e-06 1.95075378e-06
 3.23716716e-07 6.14238446e-07 4.87028256e-07 2.42538954e-04
 1.84176440e-04 1.65330317e-05 5.60428953e-07 1.79825096e-06
 4.81686254e-07 1.30579448e-06 1.35033493e-06 2.00323222e-07
 5.48823860e-07 2.32132688e-07 6.82587311e-07 2.14024154e-07
 1.15512025e-07 2.42028836e-07 7.61471065e-07 7.18984250e-08
 3.76035174e-07 4.61747758e-05 1.15541598e-05 1.17779304e-07
 2.26656717e-07 1.65422593e-07 1.21517877e-06 6.04380156e-08
 6.04434333e-07 3.36563034e-07 8.78487862e-05 6.73832325e-05]","[4.64728548e-04 3.72571383e-04 2.95586773e-04 2.52760774e-04
 3.03300531e-04 5.15659317e-04 3.82071510e-04 4.97956346e-04
 6.61057980e-04 7.58833653e-04 7.43995863e-04 8.91969147e-04
 8.30107326e-04 9.21053967e-04 9.72525133e-04 9.43420317e-04
 8.72255501e-04 8.34758928e-04 2.25104031e-08 5.48154171e-04
 2.65997660e-06 1.35000128e-03 1.25154738e-04 1.26969135e-03
 4.24031817e-04 4.94569727e-04 1.42780376e-03 9.33358292e-04
 1.03360500e-03 4.10964350e-04 5.44302030e-03 3.17732033e-02
 5.97374598e-06 6.02696778e-07 4.70450124e-03 4.54821235e-02
 2.47767758e-02 5.29585904e-04 7.58516509e-06 4.05314327e-07
 2.76509108e-03 1.85414925e-03 3.52257381e-05 2.03893967e-04
 3.69168337e-07 8.49669428e-06 1.75885611e-07 3.81827228e-07
 7.83133234e-07 4.81782651e-07 7.18332425e-07 5.91058242e-07
 1.62308929e-06 1.31650009e-06 5.97050777e-07 2.66360104e-03
 1.23456836e-06 9.34174418e-06 3.95653841e-06 4.76548564e-04
 9.43488145e-04 9.18766625e-07 3.00303308e-06 2.80134344e-06
 2.35872736e-06 7.75042142e-07 1.51890133e-06 8.23977078e-07
 1.87673177e-07 9.85658802e-06 1.16407987e-04 7.52659253e-02
 2.02720237e-01 1.79937097e-02 4.13083915e-04 6.62517631e-04
 3.65742601e-04 6.63942106e-04 1.63381110e-03 2.34782794e-04
 8.58988583e-04 4.11151690e-04 1.26030103e-03 4.00392491e-04
 2.69484380e-04 1.52791282e-04 8.49034237e-04 1.13803423e-04
 4.21427584e-04 7.41139970e-02 1.73863387e-02 2.76167287e-04
 5.16171988e-04 3.41816962e-04 2.20035038e-03 9.94980322e-05
 1.00071206e-03 6.65371064e-04 1.88246316e-01 1.46656629e-01]","[1.89449245e-01 5.76591217e-02 3.22621344e-04 1.11578759e-03
 1.13831295e-03 2.67177220e-03 3.94149978e-03 1.71163892e-03
 2.80617592e-03 5.07746046e-05 1.99482216e-06 2.72207941e-03
 4.39474060e-05 7.83855311e-05 5.10625890e-05 5.25744337e-05
 1.08704072e-04 5.76665807e-05 1.03225035e-04 2.18652902e-04
 2.49342248e-04 7.11153987e-05 1.17835920e-04 2.53299499e-04
 2.49676701e-04 1.14557763e-04 1.29670883e-04 6.29387629e-05
 4.69471469e-05 3.08070469e-05 3.55387330e-05 3.34759934e-05
 6.85250723e-05 4.14875284e-05 3.72075713e-05 9.11831189e-05
 1.63690918e-05 2.91299903e-05 1.27946687e-05 1.44029068e-05
 2.30429561e-05 1.70023246e-05 1.86544420e-05 1.72329886e-05
 4.03395426e-06 1.44848656e-05 1.56146425e-05 2.46400214e-05
 4.20472507e-05 9.51373048e-06 1.32201853e-05 1.50133693e-05
 1.57276100e-05 1.46892794e-05 1.50494668e-05 1.52292314e-05
 1.72075662e-05 9.98448365e-06 2.22826730e-05 2.30684811e-05
 1.92091267e-05 1.79539154e-05 1.54209937e-05 9.60109067e-06
 2.50046944e-05 2.37626185e-05 3.37348533e-05 2.26588476e-05
 1.14830213e-05 1.66846076e-05 1.33759423e-05 2.88384884e-05
 1.58621236e-05 1.69357108e-05 1.75216499e-05 1.87055635e-05
 9.92977457e-06 1.47454686e-05 1.62631201e-05 4.63953075e-06
 1.19166114e-05 9.64044407e-06 8.52406733e-06 7.14979769e-06
 3.68698066e-06 7.36764565e-06 5.69218571e-06 2.47827883e-06
 5.06930827e-06 5.12068296e-06 2.77018908e-06 2.62086582e-06
 8.95384220e-06 4.90616970e-06 6.93082738e-06 1.31124183e-06
 3.36520229e-06 3.22584027e-06 1.64560777e-07 2.02460413e-06]","[1.12462547e-04 1.56014937e-04 2.36922969e-06 2.30383476e-05
 4.41289305e-05 1.51732946e-04 5.48083005e-04 2.93987393e-04
 5.30002012e-04 1.43433600e-05 8.42757408e-07 1.95123887e-03
 5.22536681e-05 1.91394172e-04 1.64633773e-04 1.70520946e-04
 4.09795139e-04 2.46063110e-04 4.99690065e-04 1.12763552e-03
 1.55849094e-03 5.48052551e-04 1.09563386e-03 2.69766125e-03
 3.10080478e-03 1.58647175e-03 2.13729694e-03 1.16216010e-03
 9.85243204e-04 6.89838893e-04 8.78198392e-04 8.70182310e-04
 1.84846321e-03 1.17759712e-03 1.13488655e-03 2.96513380e-03
 5.59282416e-04 1.01851240e-03 4.60535500e-04 5.32071543e-04
 8.63854028e-04 6.31641877e-04 6.92633268e-04 6.62582832e-04
 1.56913534e-04 5.79050704e-04 6.33698453e-04 1.03693862e-03
 1.80693019e-03 4.07467498e-04 5.79913402e-04 6.75026179e-04
 7.14897719e-04 6.88981202e-04 7.34264215e-04 7.43041975e-04
 8.45977015e-04 4.95507431e-04 1.10632464e-03 1.15154333e-03
 9.81791016e-04 9.18778085e-04 7.92682532e-04 5.25539943e-04
 1.42834928e-03 1.37948634e-03 1.99705826e-03 1.43268057e-03
 7.33779085e-04 1.06494330e-03 9.07377749e-04 2.03818483e-03
 1.14515450e-03 1.26537149e-03 1.35152386e-03 1.43849840e-03
 8.19600420e-04 1.23235494e-03 1.44171186e-03 4.23218253e-04
 1.11923161e-03 9.44864081e-04 8.92688150e-04 7.54431376e-04
 3.95467843e-04 7.92319985e-04 6.53054848e-04 2.85955254e-04
 6.22303755e-04 6.19903424e-04 3.35247743e-04 3.35361069e-04
 1.13533187e-03 6.66597671e-04 9.28874157e-04 1.90005507e-04
 4.76803865e-04 4.78944126e-04 2.43690002e-05 3.13533886e-04]"
halos,"[5.25424505e+04 1.42763892e+04 8.14278785e+03 6.54821957e+03
 4.50012427e+03 4.13597442e+03 3.40732298e+03 3.12298194e+03
 3.04911148e+03 3.05392910e+03 2.29961311e+03 1.63694901e+03
 1.02154340e+03 6.06709629e+02 3.78257701e+02 1.70947363e+02
 9.77643446e+01 8.24505012e+01 6.12554251e+01 5.26546490e+01
 5.19836614e+01 5.36919059e+01 4.36697812e+01 5.32589488e+01
 4.23239315e+01 3.65429075e+01 4.50918275e+01 3.20146548e+01
 3.03095707e+01 2.93710656e+01 3.11104183e+01 3.30169241e+01
 2.95231519e+01 2.06826841e+01 2.20762722e+01 2.23657542e+01
 2.03959657e+01 1.83979656e+01 1.83794520e+01 1.51722428e+01
 1.48680214e+01 1.22122770e+01 1.12619373e+01 1.06881756e+01
 1.07335899e+01 8.54252518e+00 9.02994119e+00 8.76001226e+00
 8.91864878e+00 5.75025809e+00 8.53862188e+00 8.18817125e+00
 7.63362749e+00 5.68578069e+00 5.53422546e+00 6.07835822e+00
 5.83233698e+00 4.59155871e+00 4.31279507e+00 4.00753111e+00
 4.56043772e+00 4.11187617e+00 3.77267729e+00 3.09864571e+00
 3.19263173e+00 2.86612304e+00 3.47877989e+00 3.53780801e+00
 2.25322712e+00 2.00839954e+00 2.57885849e+00 2.99259015e+00
 2.79212884e+00 2.45373723e+00 1.72685121e+00 1.51985850e+00
 1.53753483e+00 1.81567022e+00 1.94293058e+00 1.71252574e+00
 1.67301200e+00 1.35073210e+00 1.13205646e+00 1.63520135e+00
 9.97188751e-01 1.40592901e+00 1.56673102e+00 9.61854921e-01
 9.57585528e-01 1.00449994e+00 9.89819220e-01 1.20115567e+00
 8.57523402e-01 8.95211122e-01 1.15672132e+00 1.05568572e+00
 1.07214854e+00 9.15113790e-01 8.91171621e-01 7.71943151e-01]","[0.00587629 0.00536569 0.00525954 0.00599291 0.00537101 0.00592586
 0.00603454 0.00635838 0.00631047 0.0064242  0.00678619 0.00716963
 0.00652326 0.00660924 0.0069227  0.00588772 0.00548039 0.00600869
 0.00514858 0.00492922 0.00553204 0.00627957 0.00554727 0.00748553
 0.00629758 0.0060253  0.00792344 0.00611752 0.00617428 0.00639563
 0.00721901 0.00828785 0.00783295 0.00594064 0.00678436 0.00731695
 0.00707487 0.00670848 0.00702178 0.0061974  0.00634099 0.00549342
 0.00536407 0.00538513 0.00566488 0.0046951  0.00517191 0.00527217
 0.00567951 0.00388599 0.00602612 0.00602235 0.00581199 0.00449537
 0.00450698 0.005205   0.00519403 0.00428279 0.00421749 0.00404811
 0.00478278 0.00443532 0.00422827 0.00366188 0.00393768 0.00356139
 0.00451293 0.00468002 0.00313843 0.00295225 0.00399073 0.00477464
 0.00466102 0.00419367 0.00307136 0.00277247 0.00291623 0.00355097
 0.00392675 0.00355079 0.00359436 0.00297765 0.0025844  0.00387062
 0.00240672 0.00350875 0.00399613 0.00252196 0.00259387 0.00276885
 0.0027944  0.00352387 0.00254541 0.00279359 0.00362156 0.0034777
 0.00358    0.003189   0.0031367  0.00279022]","[1.67646908e+04 6.03408936e+03 3.69090595e+03 3.05183619e+03
 2.13017820e+03 1.98554782e+03 1.71799396e+03 1.52902975e+03
 1.54733438e+03 1.58654593e+03 1.11974392e+03 7.48655744e+02
 4.26756704e+02 2.27686359e+02 1.01491461e+02 2.86718728e+01
 8.19847931e+00 1.93140191e+00 4.08921176e-01 6.77267892e-01
 4.22751400e-01 3.89159794e-01 1.09935611e-01 5.30099223e-01
 8.64063777e-02 1.48320308e-02 9.64958113e-02 1.32765210e-02
 2.85989839e-02 2.59994799e-02 4.27121711e-02 7.10578802e-02
 1.65241163e-02 1.41529807e-02 1.74952288e-02 6.10830504e-02
 2.85406050e-02 8.32582567e-04 1.11077259e-03 6.13553980e-06
 6.45594789e-03 6.91564071e-03 5.21656598e-04 1.05117027e-04
 3.75075706e-04 1.75337464e-03 3.65319467e-04 1.57104453e-03
 2.74539391e-05 3.11910910e-05 5.79403071e-03 4.51496038e-03
 6.74154197e-03 2.69948004e-03 1.38504763e-04 4.70633700e-03
 1.42031838e-03 2.08125990e-03 3.53967067e-06 1.53701044e-04
 3.59932839e-04 2.22861506e-04 3.70037885e-05 5.63637533e-04
 2.18640712e-04 7.50397363e-06 2.86079814e-05 4.37497051e-06
 4.93379037e-06 7.85461328e-06 3.48446292e-06 2.46421254e-04
 1.91134102e-04 1.95172741e-05 3.72244472e-06 6.18606283e-05
 2.36820481e-06 3.18534226e-06 6.30839703e-06 3.08448450e-06
 3.27038113e-06 1.99972250e-06 2.91208819e-06 1.64270205e-05
 1.64714658e-06 1.00135076e-04 3.31025181e-06 2.07066379e-06
 1.57773370e-06 4.81809877e-05 1.34726867e-05 2.88740329e-06
 1.30637159e-06 1.12316579e-06 3.02155956e-06 1.98082832e-06
 2.90818256e-06 1.72788084e-06 8.92486405e-05 6.84347590e-05]","[5.78556574e-03 5.74877948e-03 5.56085517e-03 6.00779596e-03
 5.36694900e-03 5.98245503e-03 6.06055266e-03 6.32566170e-03
 6.43818317e-03 6.54167532e-03 6.94063912e-03 7.38437540e-03
 6.44298818e-03 6.97872042e-03 6.99115246e-03 6.15295715e-03
 6.69363771e-03 5.64250891e-03 3.50744728e-03 8.36335304e-03
 1.39240555e-02 1.18954845e-02 4.90903571e-03 4.19993053e-02
 6.71753589e-03 3.75916196e-03 2.65014775e-02 4.20428590e-03
 9.44143740e-03 8.55552520e-03 1.59754373e-02 4.48274217e-02
 9.87133935e-03 7.10939946e-03 1.56008162e-02 4.84172735e-02
 2.63929937e-02 5.41467873e-04 4.85282284e-04 3.46485862e-06
 6.35681516e-03 1.22336108e-02 1.17339615e-03 2.59066524e-04
 7.35606109e-04 1.35020829e-03 1.23628141e-04 6.24945108e-04
 2.52331588e-05 4.59110904e-05 9.75439929e-03 4.61826356e-03
 6.91950451e-03 2.44224559e-03 1.10131778e-04 4.52188125e-03
 1.59052671e-03 4.58963943e-03 1.99727374e-05 6.71750172e-04
 9.83524949e-04 2.34124618e-04 5.52100808e-05 3.90256453e-03
 1.11697431e-03 1.23006534e-05 2.77665532e-05 1.84793973e-06
 2.86034076e-06 1.26041748e-04 8.32845543e-04 7.64707005e-02
 2.10378431e-01 2.12416072e-02 2.74375909e-03 2.27908996e-02
 1.79816920e-03 1.61961387e-03 7.63272047e-03 3.61507708e-03
 5.11861866e-03 3.54189361e-03 5.37675942e-03 3.07313709e-02
 3.84271921e-03 6.32146438e-02 3.69090468e-03 3.27752140e-03
 1.76818699e-03 7.73341184e-02 2.02732780e-02 6.77034338e-03
 2.97503832e-03 2.32082639e-03 5.47120300e-03 3.26100250e-03
 4.81483794e-03 3.41594828e-03 1.91245987e-01 1.48945230e-01]","[1.67345119e+01 1.86735471e+00 8.33246030e-01 4.26793407e-01
 1.97167891e-01 1.29173953e-01 3.24672487e-02 2.87771548e-02
 1.80582983e-02 1.57361441e-02 1.22491271e-02 1.08471039e-02
 7.89749046e-03 1.48887914e-03 8.21930677e-04 1.11108726e-03
 9.77229198e-04 1.30249034e-03 8.32671844e-04 6.77028352e-04
 7.97061042e-04 6.89453073e-04 6.64059086e-04 7.00655338e-04
 4.77376466e-04 3.62638614e-04 3.74319297e-04 3.10524328e-04
 2.61197105e-04 3.04991607e-04 4.45815941e-04 4.10285574e-04
 3.96189143e-04 2.34353821e-04 2.07463228e-04 2.89385817e-04
 2.48200391e-04 3.51025242e-04 3.08346659e-04 2.67892346e-04
 3.19945438e-04 1.78084183e-04 1.81460628e-04 1.88284688e-04
 3.16290894e-04 1.73079120e-04 1.77979077e-04 1.94677218e-04
 2.53173846e-04 1.45223884e-04 2.07965053e-04 2.80057024e-04
 1.58770911e-04 1.53569388e-04 1.25913937e-04 1.17737819e-04
 1.59442808e-04 1.32886188e-04 1.42705509e-04 1.18361684e-04
 1.28298539e-04 1.25505457e-04 1.42915722e-04 1.00185480e-04
 9.71659326e-05 1.22477465e-04 1.50195119e-04 1.70038457e-04
 1.17997683e-04 9.84301069e-05 1.38991509e-04 1.27229867e-04
 1.29076349e-04 8.83320926e-05 9.02176144e-05 6.60177856e-05
 6.68485014e-05 6.56195960e-05 7.28918093e-05 8.17523593e-05
 7.21835274e-05 7.14476786e-05 4.48868281e-05 6.08272697e-05
 5.72201512e-05 6.71930087e-05 7.78771674e-05 4.45250686e-05
 4.97066896e-05 4.75528432e-05 5.90909625e-05 6.31278520e-05
 5.11593798e-05 3.69250053e-05 5.73614771e-05 5.03154320e-05
 5.41244379e-05 4.15696835e-05 3.69242531e-05 3.24639286e-05]","[0.00993409 0.00505272 0.0061191  0.00881226 0.0076436  0.00733593
 0.00451471 0.0049427  0.00341067 0.00444532 0.00517492 0.00777541
 0.00939015 0.0036354  0.00265003 0.00360372 0.00368398 0.00555772
 0.00403078 0.00349157 0.00498196 0.00531329 0.0061744  0.00746204
 0.00592867 0.00502206 0.00616971 0.00573381 0.00548154 0.00682945
 0.01101657 0.01066505 0.0106872  0.00665198 0.00632794 0.00941038
 0.00848026 0.01227338 0.01109873 0.00989647 0.01199439 0.00661589
 0.00673757 0.00723927 0.01230314 0.00691906 0.00722303 0.0081927
 0.01087984 0.00621985 0.00912254 0.01259183 0.00721692 0.00720297
 0.00614335 0.00574449 0.0078387  0.00659484 0.00708526 0.00590843
 0.00655742 0.00642265 0.00734627 0.00548391 0.00555043 0.00711016
 0.00889135 0.01075124 0.0075402  0.00628259 0.0094287  0.00899208
 0.00931857 0.00659984 0.00695889 0.00507691 0.00551765 0.00548417
 0.0064618  0.00745745 0.00677962 0.00700262 0.0047008  0.00641836
 0.00613747 0.00722597 0.00893472 0.00513751 0.00610195 0.00575669
 0.00715118 0.00807772 0.00648692 0.00501697 0.00768762 0.00729096
 0.0076687  0.0061719  0.00546793 0.00502742]"
total,"[8.94143352e+06 2.66067968e+06 1.54819527e+06 1.09266058e+06
 8.37854599e+05 6.97953370e+05 5.64636434e+05 4.91160017e+05
 4.83182956e+05 4.75378685e+05 3.38866497e+05 2.28317003e+05
 1.56600149e+05 9.17971852e+04 5.46401647e+04 2.90345706e+04
 1.78389336e+04 1.37218867e+04 1.18975356e+04 1.06821566e+04
 9.39683009e+03 8.55025217e+03 7.87229568e+03 7.11491561e+03
 6.72067114e+03 6.06490695e+03 5.69093916e+03 5.23327166e+03
 4.90900788e+03 4.59236220e+03 4.30951226e+03 3.98377363e+03
 3.76909704e+03 3.48155616e+03 3.25399381e+03 3.05670483e+03
 2.88287393e+03 2.74249521e+03 2.61749088e+03 2.44816353e+03
 2.34474833e+03 2.22307217e+03 2.09951238e+03 1.98475582e+03
 1.89476174e+03 1.81945702e+03 1.74595710e+03 1.66155732e+03
 1.57031909e+03 1.47974172e+03 1.41693513e+03 1.35963149e+03
 1.31342798e+03 1.26480774e+03 1.22792256e+03 1.16779273e+03
 1.12289152e+03 1.07209444e+03 1.02259779e+03 9.89975805e+02
 9.53511367e+02 9.27075118e+02 8.92251070e+02 8.46189733e+02
 8.10789305e+02 8.04777603e+02 7.70847900e+02 7.55938947e+02
 7.17946746e+02 6.80294721e+02 6.46212886e+02 6.26767316e+02
 5.99038434e+02 5.85104985e+02 5.62243704e+02 5.48196784e+02
 5.27233988e+02 5.11316491e+02 4.94793143e+02 4.82294643e+02
 4.65455215e+02 4.53623800e+02 4.38034856e+02 4.22464884e+02
 4.14334563e+02 4.00692244e+02 3.92061799e+02 3.81392390e+02
 3.69172985e+02 3.62786618e+02 3.54215187e+02 3.40862297e+02
 3.36890150e+02 3.20451640e+02 3.19398736e+02 3.03558511e+02
 2.99483154e+02 2.86959257e+02 2.84111312e+02 2.76660204e+02]","[1. 1. 1. 1. 1. 1. 1. 1. 1. 1. 1. 1. 1. 1. 1. 1. 1. 1. 1. 1. 1. 1. 1. 1.
 1. 1. 1. 1. 1. 1. 1. 1. 1. 1. 1. 1. 1. 1. 1. 1. 1. 1. 1. 1. 1. 1. 1. 1.
 1. 1. 1. 1. 1. 1. 1. 1. 1. 1. 1. 1. 1. 1. 1. 1. 1. 1. 1. 1. 1. 1. 1. 1.
 1. 1. 1. 1. 1. 1. 1. 1. 1. 1. 1. 1. 1. 1. 1. 1. 1. 1. 1. 1. 1. 1. 1. 1.
 1. 1. 1. 1.]","[2.89767527e+06 1.04962964e+06 6.63729920e+05 5.07979335e+05
 3.96906734e+05 3.31895152e+05 2.83471501e+05 2.41718547e+05
 2.40337117e+05 2.42528993e+05 1.61331528e+05 1.01383760e+05
 6.62358353e+04 3.26258032e+04 1.45171288e+04 4.65985251e+03
 1.22481671e+03 3.42294881e+02 1.16586550e+02 8.09804260e+01
 3.03612263e+01 3.27149174e+01 2.23945430e+01 1.26216189e+01
 1.28628085e+01 3.94556844e+00 3.64114836e+00 3.15785399e+00
 3.02909215e+00 3.03891103e+00 2.67361514e+00 1.58514314e+00
 1.67394877e+00 1.99074208e+00 1.12143035e+00 1.26159624e+00
 1.08137051e+00 1.53763983e+00 2.28892054e+00 1.77079081e+00
 1.01559472e+00 5.65298410e-01 4.44569892e-01 4.05753031e-01
 5.09886611e-01 1.29859568e+00 2.95498634e+00 2.51389204e+00
 1.08801039e+00 6.79380315e-01 5.93991546e-01 9.77631596e-01
 9.74281029e-01 1.10532702e+00 1.25762760e+00 1.04079182e+00
 8.92986184e-01 4.53469152e-01 1.77225114e-01 2.28806855e-01
 3.65962083e-01 9.51892661e-01 6.70236086e-01 1.44427473e-01
 1.95743725e-01 6.10046748e-01 1.03030366e+00 2.36748550e+00
 1.72489601e+00 6.23175530e-02 4.18380448e-03 3.22242706e-03
 9.08525181e-04 9.18822851e-04 1.35669517e-03 2.71426883e-03
 1.31700888e-03 1.96672943e-03 8.26493916e-04 8.53227864e-04
 6.38918690e-04 5.64591351e-04 5.41606564e-04 5.34535883e-04
 4.28640890e-04 1.58404873e-03 8.96867324e-04 6.31777352e-04
 8.92288944e-04 6.23023688e-04 6.64553938e-04 4.26478115e-04
 4.39110844e-04 4.83950802e-04 5.52266031e-04 6.07429255e-04
 6.04004246e-04 5.05827578e-04 4.66669352e-04 4.59462575e-04]","[1. 1. 1. 1. 1. 1. 1. 1. 1. 1. 1. 1. 1. 1. 1. 1. 1. 1. 1. 1. 1. 1. 1. 1.
 1. 1. 1. 1. 1. 1. 1. 1. 1. 1. 1. 1. 1. 1. 1. 1. 1. 1. 1. 1. 1. 1. 1. 1.
 1. 1. 1. 1. 1. 1. 1. 1. 1. 1. 1. 1. 1. 1. 1. 1. 1. 1. 1. 1. 1. 1. 1. 1.
 1. 1. 1. 1. 1. 1. 1. 1. 1. 1. 1. 1. 1. 1. 1. 1. 1. 1. 1. 1. 1. 1. 1. 1.
 1. 1. 1. 1.]","[1.68455411e+03 3.69574368e+02 1.36171409e+02 4.84317540e+01
 2.57951628e+01 1.76083854e+01 7.19142857e+00 5.82215076e+00
 5.29465145e+00 3.53993798e+00 2.36701824e+00 1.39505186e+00
 8.41039636e-01 4.09550250e-01 3.10158652e-01 3.08316573e-01
 2.65264424e-01 2.34356872e-01 2.06578123e-01 1.93903880e-01
 1.59989539e-01 1.29760182e-01 1.07550455e-01 9.38959621e-02
 8.05199677e-02 7.22091415e-02 6.06705044e-02 5.41567059e-02
 4.76503129e-02 4.46583213e-02 4.04677728e-02 3.84700919e-02
 3.70713748e-02 3.52306640e-02 3.27852784e-02 3.07517721e-02
 2.92680251e-02 2.86005258e-02 2.77821551e-02 2.70694928e-02
 2.66745947e-02 2.69176653e-02 2.69326394e-02 2.60088064e-02
 2.57081346e-02 2.50148484e-02 2.46404932e-02 2.37622756e-02
 2.32699918e-02 2.33484401e-02 2.27968266e-02 2.22411660e-02
 2.19998045e-02 2.13202905e-02 2.04959828e-02 2.04957888e-02
 2.03404654e-02 2.01500180e-02 2.01411703e-02 2.00326644e-02
 1.95653926e-02 1.95410792e-02 1.94541863e-02 1.82690028e-02
 1.75060084e-02 1.72257005e-02 1.68922730e-02 1.58157010e-02
 1.56491531e-02 1.56671323e-02 1.47413162e-02 1.41491036e-02
 1.38515140e-02 1.33839832e-02 1.29643659e-02 1.30035344e-02
 1.21153849e-02 1.19652774e-02 1.12804233e-02 1.09625015e-02
 1.06471362e-02 1.02029956e-02 9.54876272e-03 9.47706833e-03
 9.32308589e-03 9.29882597e-03 8.71624448e-03 8.66666653e-03
 8.14603515e-03 8.26045278e-03 8.26311032e-03 7.81505686e-03
 7.88654177e-03 7.36001626e-03 7.46153537e-03 6.90107276e-03
 7.05783349e-03 6.73531650e-03 6.75287354e-03 6.45736941e-03]","[1. 1. 1. 1. 1. 1. 1. 1. 1. 1. 1. 1. 1. 1. 1. 1. 1. 1. 1. 1. 1. 1. 1. 1.
 1. 1. 1. 1. 1. 1. 1. 1. 1. 1. 1. 1. 1. 1. 1. 1. 1. 1. 1. 1. 1. 1. 1. 1.
 1. 1. 1. 1. 1. 1. 1. 1. 1. 1. 1. 1. 1. 1. 1. 1. 1. 1. 1. 1. 1. 1. 1. 1.
 1. 1. 1. 1. 1. 1. 1. 1. 1. 1. 1. 1. 1. 1. 1. 1. 1. 1. 1. 1. 1. 1. 1. 1.
 1. 1. 1. 1.]"
