,Mass_Ratios,HI_Ratios,OVI_Ratios,Mass_Density,HI_Density,OVI_Density
local,"[0.9447574  0.96024373 0.96567391 0.9696601  0.97079111 0.97163466
 0.97245497 0.97338984 0.97381533 0.97621596 0.97093714 0.97408723
 0.97508849 0.97092907 0.97257463 0.9705914  0.97363457 0.96940462
 0.97256316 0.97311474 0.96971835 0.9737855  0.97042945 0.97140281
 0.96952421 0.96987446 0.96693819 0.96752801 0.96419172 0.96328595
 0.95673641 0.96046015 0.95894128 0.95904723 0.96036401 0.95489081
 0.95490609 0.95505097 0.95336005 0.9519403  0.95034652 0.95161012
 0.95259245 0.94620395 0.94646786 0.94625555 0.93849007 0.92851631
 0.91451375 0.85096902 0.75335611 0.72759709 0.82866225 0.95057747
 0.95585941 0.96067657 0.95839414 0.9546967  0.9520597  0.95192253
 0.95208391 0.93947451 0.94214196 0.93442775 0.93970541 0.93749474
 0.92682035 0.91120681 0.87511837 0.68637497 0.4494683  0.33367287
 0.39725196 0.61805333 0.79060817 0.8290505  0.84460121 0.84310305
 0.85216498 0.86731622 0.86172645 0.8557983  0.85732551 0.85729381
 0.86070599 0.85662921 0.84889413 0.85430419 0.86815448 0.87080644
 0.8635785  0.74791576 0.66606841 0.76034129 0.8594209  0.86918653
 0.85778068 0.78635673 0.66424711 0.60496116]","[9.42853505e-01 9.58899582e-01 9.64251083e-01 9.69145186e-01
 9.70274239e-01 9.68708588e-01 9.53399477e-01 9.19199131e-01
 9.26615371e-01 9.32473232e-01 8.21626245e-01 8.43118609e-01
 7.28748171e-01 4.34298286e-01 5.44188174e-01 4.36773541e-01
 5.33768561e-01 3.95085064e-01 4.84825070e-01 4.26772319e-01
 3.28665090e-01 3.39384068e-01 3.02713629e-01 3.30124543e-01
 4.55027697e-01 5.33992815e-01 5.16218385e-01 4.95213674e-01
 4.47184160e-01 3.46857059e-01 9.79706642e-02 4.21308899e-01
 5.81677871e-01 4.87472111e-01 6.40938979e-01 3.18952496e-01
 5.26088611e-01 5.05897072e-01 4.81433390e-01 4.61416665e-01
 5.27178568e-01 5.49579987e-01 4.72894110e-01 4.89889396e-01
 5.39835998e-01 4.88624327e-01 3.89134256e-01 2.11592577e-01
 6.26802266e-02 3.36196360e-03 9.35234181e-04 5.61162750e-04
 3.47696399e-03 1.96641671e-01 5.50487768e-01 5.40224853e-01
 5.22040220e-01 1.66175498e-01 1.70488281e-01 1.65753574e-01
 1.51253440e-01 4.41026472e-02 6.86401619e-02 4.63517435e-02
 7.38483145e-02 1.27032846e-01 3.01536147e-02 9.08323768e-03
 5.69057014e-03 1.29158175e-04 4.48896227e-05 1.52280334e-05
 2.32961821e-05 1.13368507e-04 2.10415210e-03 1.40180738e-03
 1.82694135e-03 3.16578975e-03 6.21469761e-03 6.36441637e-03
 9.95914385e-03 8.91633223e-03 1.28321699e-02 1.60025859e-02
 9.32059836e-03 1.39540358e-02 9.54206331e-03 8.03765423e-03
 2.26185974e-02 2.32695695e-02 6.50255991e-03 3.17637943e-04
 2.36052497e-04 5.86344316e-04 3.74958485e-02 3.25820705e-01
 7.80102889e-01 5.05947139e-01 5.79398037e-02 3.53504459e-03]","[0.93646322 0.96270866 0.96643176 0.9668931  0.97090983 0.97755018
 0.98004543 0.98543282 0.96741202 0.98609563 0.98328261 0.98286258
 0.97618559 0.98290714 0.97904909 0.97111186 0.96916608 0.96914178
 0.97590137 0.96506655 0.95892439 0.96759288 0.96184542 0.96809102
 0.96702271 0.95854056 0.95512004 0.95177117 0.94632955 0.94472398
 0.93283988 0.92778562 0.91475939 0.9192164  0.92131014 0.90826533
 0.90710524 0.91564147 0.9231419  0.91204333 0.92115663 0.90194835
 0.91150729 0.88772649 0.87359756 0.87019419 0.85385298 0.84846543
 0.83915491 0.82631466 0.76858188 0.74229833 0.82906758 0.8749991
 0.8796846  0.90209132 0.88503863 0.89413015 0.89783425 0.87962372
 0.87820525 0.85539709 0.86158113 0.85549592 0.83401567 0.80864426
 0.79015468 0.76341176 0.75180079 0.71679508 0.48752881 0.32945602
 0.51688638 0.69434307 0.72671209 0.72361104 0.73063642 0.74085702
 0.746883   0.73837428 0.73635433 0.74259464 0.72967523 0.73362908
 0.73274918 0.73552372 0.73542724 0.72581674 0.73643923 0.73293966
 0.71674768 0.69608583 0.68135089 0.68616845 0.67715919 0.69103657
 0.6975748  0.70020022 0.68278948 0.66138808]","[1.03095433e+07 3.17894860e+06 2.38210905e+06 2.13900774e+06
 1.45941054e+06 2.94988341e+05 1.02419226e+05 7.73114890e+04
 6.39107746e+04 5.28783390e+04 4.41157905e+04 3.70162746e+04
 3.04930306e+04 2.56152144e+04 2.19488012e+04 1.93024864e+04
 1.73614662e+04 1.59290045e+04 1.45553180e+04 1.31691891e+04
 1.19896504e+04 1.09686467e+04 1.00349226e+04 9.26309671e+03
 8.69939542e+03 8.08897217e+03 7.53261244e+03 6.91099662e+03
 6.36458158e+03 5.92568970e+03 5.49843909e+03 5.13658147e+03
 4.84550562e+03 4.57813810e+03 4.35591123e+03 4.11858678e+03
 3.90346458e+03 3.71605182e+03 3.53035876e+03 3.34557235e+03
 3.22596480e+03 3.07794174e+03 2.92969104e+03 2.81306840e+03
 2.68474744e+03 2.57288759e+03 2.47400612e+03 2.37373774e+03
 2.28022124e+03 2.19231313e+03 2.11443012e+03 2.04091393e+03
 1.99052625e+03 1.91520989e+03 1.84562909e+03 1.78555638e+03
 1.71959402e+03 1.66419005e+03 1.61993394e+03 1.55486211e+03
 1.49765011e+03 1.44733580e+03 1.39360928e+03 1.34251642e+03
 1.29558413e+03 1.24648337e+03 1.19971342e+03 1.15519016e+03
 1.11899638e+03 1.08515263e+03 1.04783402e+03 1.01008846e+03
 9.76670738e+02 9.49021589e+02 9.12679136e+02 8.84497287e+02
 8.53705749e+02 8.26366787e+02 7.99329807e+02 7.67372633e+02
 7.38799906e+02 7.13731437e+02 6.89871500e+02 6.64232809e+02
 6.41370738e+02 6.23037159e+02 6.03318296e+02 5.86911729e+02
 5.65126470e+02 5.47143347e+02 5.33500914e+02 5.14316541e+02
 4.99769463e+02 4.86625394e+02 4.69061062e+02 4.62009686e+02
 4.80390586e+02 5.00495566e+02 4.43545106e+02 4.16645489e+02]","[3.21051503e+06 1.21337340e+06 9.66437388e+05 9.12979881e+05
 6.53454904e+05 9.55664760e+04 7.01804660e+03 2.66908388e+03
 1.49030182e+03 9.67165565e+02 4.82796131e+02 2.48878334e+02
 8.78991810e+01 2.73829781e+01 2.60603831e+01 2.04897039e+01
 1.15228860e+01 1.06175487e+01 9.11003853e+00 3.63238880e+00
 4.27912980e+00 4.10164974e+00 3.24073331e+00 1.96712329e+00
 4.95178096e+00 3.02230502e+00 3.48380018e+00 1.81784704e+00
 1.47646049e+00 1.48116608e+00 7.81677547e-01 1.12368988e+00
 1.12422676e+00 6.07866677e-01 8.82571895e-01 6.73125569e-01
 5.57671799e-01 6.82584849e-01 9.33451344e-01 7.14834296e-01
 1.81196635e+00 1.66625185e+00 8.05288665e-01 1.25939562e+00
 1.23017859e+00 1.00883990e+00 1.16851764e+00 6.88714085e-01
 3.56804989e-01 2.19080304e-01 2.14094732e-01 1.63669223e-01
 4.07530920e-01 1.38563177e-01 8.23092004e-02 7.35460442e-02
 7.32781965e-02 8.22393028e-02 1.04993837e-01 6.84366446e-02
 5.37312897e-02 3.87664485e-02 7.18359137e-02 4.86662597e-02
 3.27761636e-02 4.14852841e-02 2.13054300e-02 1.53014560e-02
 5.19170622e-02 1.93501066e-02 2.57603343e-02 1.48674704e-02
 1.56609737e-02 1.91466389e-02 4.30954474e-02 1.26746715e-02
 1.03497381e-02 1.77681431e-02 2.11896646e-02 1.22354313e-02
 1.61840500e-02 1.16754934e-02 1.44808832e-02 1.53708968e-02
 7.05323168e-03 1.06506031e-02 8.91011167e-03 5.33365325e-03
 8.01340640e-03 7.48283912e-03 1.56260880e-02 1.51699584e-02
 2.10412047e-02 2.15862540e-02 4.65411569e-02 2.83205926e-01
 1.10644310e+01 2.38064254e+01 4.25402774e+00 3.42709749e-01]","[1.62837828e+03 4.09355327e+02 2.53152333e+02 1.85079537e+02
 8.77948556e+01 4.59020687e+00 4.67069826e-01 4.12043168e-01
 3.61619632e-01 3.09044694e-01 2.70577520e-01 2.29024435e-01
 1.44880954e-01 6.16674332e-02 3.48563733e-02 2.38461521e-02
 2.02119001e-02 1.83453359e-02 1.68285012e-02 1.57829140e-02
 1.40724587e-02 1.25859220e-02 1.13875098e-02 1.07704736e-02
 1.04258477e-02 9.89484767e-03 9.35664001e-03 8.69459080e-03
 8.07969004e-03 7.49817689e-03 7.18774841e-03 7.02806960e-03
 6.58414709e-03 6.53860595e-03 6.39258151e-03 6.33493299e-03
 6.21003094e-03 6.13017279e-03 6.09667000e-03 5.92574544e-03
 6.03823103e-03 5.88307845e-03 5.76937481e-03 5.79162731e-03
 5.76630747e-03 5.68675197e-03 5.71218306e-03 5.80178093e-03
 5.68800392e-03 5.72141408e-03 5.70078898e-03 5.59986543e-03
 5.54169158e-03 5.50477636e-03 5.50652033e-03 5.56993947e-03
 5.58487283e-03 5.75915207e-03 5.83968520e-03 5.94023087e-03
 6.01174357e-03 6.08726892e-03 6.10638458e-03 6.13137155e-03
 6.22473519e-03 6.10268364e-03 6.02560966e-03 5.98189330e-03
 6.04387669e-03 6.14436376e-03 6.15844440e-03 6.25025968e-03
 6.38453875e-03 6.62939286e-03 6.64614406e-03 6.92329737e-03
 7.00976153e-03 7.10162371e-03 7.24481228e-03 7.10967591e-03
 7.16711387e-03 7.28816566e-03 7.34069457e-03 7.35924914e-03
 7.55311613e-03 7.58521179e-03 7.68964992e-03 7.59805428e-03
 7.46681464e-03 7.39198303e-03 7.17292016e-03 6.90169064e-03
 6.74592010e-03 6.56854776e-03 6.35962661e-03 6.22444997e-03
 6.00463123e-03 5.80859189e-03 5.56637552e-03 5.40064925e-03]"
h2,"[3.05602172e-04 2.34136628e-04 2.57836629e-04 2.26758718e-04
 2.77415931e-04 4.25375513e-04 8.17612587e-05 0.00000000e+00
 8.10698773e-04 1.15953654e-03 9.44849001e-04 4.51454474e-05
 0.00000000e+00 8.50424509e-04 7.47339501e-04 7.93470400e-04
 6.72764250e-04 1.34914186e-03 1.29958086e-03 7.69673623e-04
 1.13049598e-03 1.00985143e-03 8.98612490e-04 8.80821117e-04
 1.49685005e-03 2.32818248e-03 2.09184076e-03 2.24981404e-03
 2.83407671e-03 3.22622167e-03 3.48892336e-03 3.88142695e-03
 4.29485157e-03 3.30901262e-03 3.26426218e-03 3.20243782e-03
 3.05770861e-03 2.65653880e-03 2.41384465e-03 2.70495088e-03
 2.48335273e-03 3.21746046e-03 4.84021285e-03 6.86993389e-03
 3.84037737e-03 4.22799165e-03 5.57269119e-03 9.51451454e-03
 9.47582198e-03 7.65484034e-03 7.37585066e-03 6.38661627e-03
 8.61432494e-03 9.74115287e-03 9.59212650e-03 7.67304954e-03
 8.43735305e-03 1.41305783e-02 1.87301446e-02 1.88715248e-02
 1.77333119e-02 2.74142701e-02 2.88478185e-02 3.52106667e-02
 3.15388434e-02 3.42369480e-02 4.19290554e-02 5.92759110e-02
 9.76616074e-02 2.91378781e-01 5.36133193e-01 6.55121053e-01
 5.88860740e-01 3.61568985e-01 1.78865078e-01 1.40086413e-01
 1.22109923e-01 1.20425118e-01 1.10358783e-01 9.73502249e-02
 9.93988568e-02 1.06063939e-01 1.03551677e-01 9.87522382e-02
 9.75892364e-02 9.88105367e-02 1.04497982e-01 9.69049102e-02
 8.23904997e-02 6.77954218e-02 5.74569798e-02 4.91641593e-02
 4.46580729e-02 4.67697903e-02 5.00586010e-02 4.81054121e-02
 3.85927802e-02 3.34020770e-02 2.76724566e-02 2.59349902e-02]","[2.53159434e-04 2.23483426e-04 3.07953400e-04 2.42707873e-04
 3.18613807e-04 4.28019846e-04 1.31538990e-04 0.00000000e+00
 8.36526351e-03 1.18057174e-02 1.11684334e-02 3.19108803e-09
 0.00000000e+00 1.53878770e-02 2.11930541e-02 1.29587980e-02
 5.22971284e-02 5.86869168e-02 8.19649893e-02 4.79801320e-03
 3.00814348e-02 5.32743054e-02 3.64146829e-06 7.18062704e-04
 1.83398966e-02 3.88323674e-02 1.78808891e-03 4.06354574e-02
 6.10649742e-03 5.95564807e-04 2.93684277e-02 4.12560682e-02
 2.74918163e-02 6.01081805e-03 5.61472806e-02 5.51321365e-02
 6.20754251e-02 2.94733400e-06 1.81637802e-03 1.67794426e-02
 4.37429164e-03 3.92757591e-02 1.45205844e-01 1.49709628e-01
 2.66463698e-02 5.97750456e-03 9.23337228e-02 1.41863809e-01
 5.41963269e-02 2.54667090e-03 1.94162010e-04 1.58044404e-04
 8.57394634e-04 5.38111844e-02 3.12707674e-01 7.63154100e-02
 5.22961097e-02 7.90132360e-01 7.61535808e-01 7.69319459e-01
 7.19140048e-01 8.46496366e-01 9.14732537e-01 9.29171834e-01
 8.78405927e-01 7.13850549e-01 8.67617975e-01 9.78114796e-01
 9.91782848e-01 9.99579347e-01 9.99902012e-01 9.99964094e-01
 9.99918691e-01 9.99752148e-01 9.96767512e-01 9.96261467e-01
 9.94022491e-01 9.89048207e-01 9.81904400e-01 9.84986763e-01
 9.67013879e-01 9.71447209e-01 9.56626919e-01 9.34918139e-01
 9.42678646e-01 9.17542427e-01 8.93106531e-01 8.58697919e-01
 7.53157767e-01 3.89412245e-01 2.43176814e-02 6.23010697e-04
 3.40058042e-04 3.31321764e-04 6.43113743e-03 6.76628816e-03
 4.76243161e-04 4.99797353e-04 1.26172706e-03 8.04176827e-04]","[1.76107119e-04 1.31299312e-04 3.35949232e-04 3.19643802e-05
 4.63442351e-05 0.00000000e+00 6.82402359e-06 0.00000000e+00
 4.22378033e-05 5.13278706e-05 7.00609050e-06 3.83026307e-04
 0.00000000e+00 1.74450738e-04 1.50455362e-04 1.18085351e-03
 2.94374401e-04 6.80987368e-04 4.32911694e-04 2.00502393e-03
 3.18632714e-03 4.43426198e-04 1.20129651e-03 1.45920423e-03
 3.03482991e-03 1.68755300e-03 3.77249763e-03 5.29087994e-03
 3.98455516e-03 4.59386776e-03 5.77576556e-03 5.91366885e-03
 9.42686255e-03 9.01535807e-03 3.60219256e-03 3.54758315e-03
 4.16861657e-03 3.41840934e-03 5.82150377e-03 6.20147646e-03
 8.25132697e-03 5.65574798e-03 7.09975249e-03 1.94022843e-02
 2.33066239e-02 2.44422569e-02 2.81833909e-02 2.91578986e-02
 2.83872962e-02 3.74783826e-02 5.01147128e-02 3.61708482e-02
 4.24703157e-02 3.60185829e-02 4.77713338e-02 3.55968389e-02
 4.46189105e-02 4.40781771e-02 4.37608435e-02 5.51128728e-02
 5.67566600e-02 7.40041643e-02 7.52638477e-02 7.94039741e-02
 1.02502708e-01 1.28474681e-01 1.44626996e-01 1.72115213e-01
 1.87391065e-01 2.25091159e-01 4.69919783e-01 6.39152663e-01
 4.35402096e-01 2.40749093e-01 1.98439934e-01 1.99839601e-01
 1.86470775e-01 1.82339598e-01 1.59349947e-01 1.64157659e-01
 1.61937940e-01 1.54812757e-01 1.71358179e-01 1.65946374e-01
 1.68615472e-01 1.66225684e-01 1.62612605e-01 1.67925936e-01
 1.61660293e-01 1.65813436e-01 1.63901549e-01 1.65330856e-01
 1.68143909e-01 1.71802812e-01 1.67218607e-01 1.72643199e-01
 1.62869538e-01 1.53397688e-01 1.31165479e-01 1.37292652e-01]","[3.33484431e+03 7.75124361e+02 6.36027294e+02 5.00215131e+02
 4.17045161e+02 1.29144032e+02 8.61111832e+00 0.00000000e+00
 5.32055563e+01 6.28081989e+01 4.29304420e+01 1.71557149e+00
 0.00000000e+00 2.24360428e+01 1.68657558e+01 1.57800199e+01
 1.19964657e+01 2.21687481e+01 1.94494439e+01 1.04160148e+01
 1.39775138e+01 1.13748906e+01 9.29228481e+00 8.39932838e+00
 1.34310111e+01 1.94175681e+01 1.62957941e+01 1.60702916e+01
 1.87075995e+01 1.98462237e+01 2.00511158e+01 2.07580355e+01
 2.17017746e+01 1.57960070e+01 1.48056738e+01 1.38125929e+01
 1.24992995e+01 1.03364492e+01 8.93863511e+00 9.50648784e+00
 8.42977626e+00 1.04067366e+01 1.48860388e+01 2.04243430e+01
 1.08936011e+01 1.14959930e+01 1.46904827e+01 2.43237108e+01
 2.36267313e+01 1.97208202e+01 2.07016584e+01 1.79144946e+01
 2.06924352e+01 1.96263354e+01 1.85210373e+01 1.42614725e+01
 1.51386797e+01 2.46318727e+01 3.18694270e+01 3.08245870e+01
 2.78949117e+01 4.22338810e+01 4.26714753e+01 5.05880715e+01
 4.34830156e+01 4.55210940e+01 5.42746505e+01 7.51475390e+01
 1.24877947e+02 4.60667219e+02 1.24987367e+03 1.98317057e+03
 1.44775386e+03 5.55189589e+02 2.06482086e+02 1.49455373e+02
 1.23426231e+02 1.18034584e+02 1.03516417e+02 8.61322507e+01
 8.52194640e+01 8.84567868e+01 8.33258196e+01 7.65134142e+01
 7.27203962e+01 7.18661418e+01 7.42678527e+01 6.65742125e+01
 5.36322204e+01 4.25970828e+01 3.54957323e+01 3.38085407e+01
 3.35081813e+01 2.99330942e+01 2.73213516e+01 2.55700768e+01
 2.16134599e+01 2.12595516e+01 1.84780370e+01 1.78618023e+01]","[8.62034413e+02 2.82791702e+02 3.08651642e+02 2.28642115e+02
 2.14578257e+02 4.22256485e+01 9.68268587e-01 0.00000000e+00
 1.34540909e+01 1.22449449e+01 6.56268767e+00 9.41970283e-07
 0.00000000e+00 9.70222341e-01 1.01490465e+00 6.07916710e-01
 1.12897966e+00 1.57715705e+00 1.54015181e+00 4.08373473e-02
 3.91652073e-01 6.43850321e-01 3.89841304e-05 4.27874237e-03
 1.99581589e-01 2.19784341e-01 1.20672658e-02 1.49166006e-01
 2.01617208e-02 2.54321015e-03 2.34321577e-01 1.10035716e-01
 5.31342813e-02 7.49535393e-03 7.73147108e-02 1.16352282e-01
 6.58020593e-02 3.97670919e-06 3.52177589e-03 2.59949888e-02
 1.50348852e-02 1.19078765e-01 2.47270199e-01 3.84869833e-01
 6.07217631e-02 1.23414753e-02 2.77265706e-01 4.61753455e-01
 3.08510688e-01 1.65952253e-01 4.44477591e-02 4.60953704e-02
 1.00494232e-01 3.79179479e-02 4.67562044e-02 1.03895563e-02
 7.34074589e-03 3.91031983e-01 4.68985706e-01 3.17638053e-01
 2.55467395e-01 7.44074559e-01 9.57320697e-01 9.75568862e-01
 3.89863689e-01 2.33123115e-01 6.13026805e-01 1.64771429e+00
 9.04838189e+00 1.49754106e+02 5.73803220e+02 9.76287363e+02
 6.72200290e+02 1.68846656e+02 2.04149415e+01 9.00786159e+00
 5.63120019e+00 5.55107932e+00 3.34790625e+00 1.89361241e+00
 1.57144039e+00 1.27206178e+00 1.07953704e+00 8.98013007e-01
 7.13358803e-01 7.00326442e-01 8.33957884e-01 5.69817613e-01
 2.66831721e-01 1.25224026e-01 5.84370208e-02 2.97541479e-02
 3.03120321e-02 1.21976039e-02 7.98255243e-03 5.88131101e-03
 6.75469823e-03 2.35170584e-02 9.26379032e-02 7.79620261e-02]","[3.06225596e-01 5.58300501e-02 8.80003489e-02 6.11851782e-03
 4.19069340e-03 0.00000000e+00 3.25219158e-06 0.00000000e+00
 1.57885353e-05 1.60862756e-05 1.92792038e-06 8.92519310e-05
 0.00000000e+00 1.09450108e-05 5.35655293e-06 2.89964664e-05
 6.13916039e-06 1.28907269e-05 7.46515498e-06 3.27906096e-05
 4.67601591e-05 5.76784682e-06 1.42224266e-05 1.62343420e-05
 3.27196807e-05 1.74203164e-05 3.69565088e-05 4.83330841e-05
 3.40198304e-05 3.64610549e-05 4.45036181e-05 4.47966375e-05
 6.78515576e-05 6.41283965e-05 2.49940912e-05 2.47435422e-05
 2.85382961e-05 2.28860755e-05 3.84467299e-05 4.02923518e-05
 5.40878900e-05 3.68903706e-05 4.49378009e-05 1.26582682e-04
 1.53838753e-04 1.59731075e-04 1.88543804e-04 1.99380827e-04
 1.92416263e-04 2.59500837e-04 3.71714985e-04 2.72871261e-04
 2.83882033e-04 2.26599370e-04 2.99031973e-04 2.19791760e-04
 2.81559395e-04 2.83910484e-04 2.84628871e-04 3.72185492e-04
 3.88527042e-04 5.26636406e-04 5.33426259e-04 5.69091277e-04
 7.65036241e-04 9.69573849e-04 1.10290535e-03 1.34864944e-03
 1.50647420e-03 1.92948027e-03 5.93600782e-03 1.21256554e-02
 5.37805141e-03 2.29860481e-03 1.81483204e-03 1.91200646e-03
 1.78900973e-03 1.74785036e-03 1.54570454e-03 1.58064520e-03
 1.57618093e-03 1.51940367e-03 1.72390126e-03 1.66465689e-03
 1.73807393e-03 1.71423027e-03 1.70028242e-03 1.75789605e-03
 1.63908629e-03 1.67229332e-03 1.64026025e-03 1.63925534e-03
 1.66475952e-03 1.64463255e-03 1.57045481e-03 1.55506815e-03
 1.40195935e-03 1.27252826e-03 1.06931394e-03 1.12108077e-03]"
h3,"[0.01278224 0.01159562 0.01025699 0.00861298 0.00721224 0.00650599
 0.00389715 0.00510098 0.00439146 0.00359322 0.00465049 0.00369688
 0.00600918 0.00460273 0.00448348 0.00469716 0.00382939 0.00575855
 0.00463732 0.00453413 0.00577218 0.00441    0.00526418 0.00458756
 0.0049538  0.00542045 0.00632508 0.00584252 0.00809349 0.0070142
 0.00745943 0.00689792 0.00817253 0.00918987 0.00926185 0.00892374
 0.01063718 0.0114424  0.0105879  0.01065427 0.01043129 0.0100886
 0.01040905 0.011135   0.01204544 0.01074331 0.0098518  0.00962464
 0.01081349 0.00886662 0.00809573 0.008173   0.00850437 0.00883683
 0.00933361 0.00814607 0.00908138 0.00878523 0.00756408 0.00793478
 0.00878891 0.0092469  0.00840662 0.00945817 0.00853884 0.00782102
 0.00785012 0.00850771 0.00843276 0.00696931 0.00581699 0.00461564
 0.00557245 0.00702958 0.00902431 0.00798454 0.00955851 0.00994267
 0.00974301 0.0093629  0.01232124 0.01223722 0.0121093  0.01292743
 0.0122998  0.01215989 0.01274895 0.01264907 0.01294866 0.01586707
 0.01820148 0.01552757 0.01652263 0.02490367 0.04392981 0.05743027
 0.08231463 0.16366595 0.29276541 0.35580355]","[1.38525944e-02 1.21259863e-02 1.11941126e-02 8.95211135e-03
 7.51583782e-03 7.97973345e-03 9.58392746e-03 2.10323570e-02
 1.78510736e-02 2.14669220e-02 4.70146774e-02 4.71360337e-02
 1.86446723e-01 1.46743676e-01 1.28786391e-01 1.17674226e-01
 1.59030867e-01 1.97515713e-01 1.38549972e-01 1.70526985e-01
 2.04642104e-01 1.36330774e-01 1.99730487e-01 1.97005837e-01
 1.64197256e-01 1.05174321e-01 1.60073755e-01 1.76487835e-01
 3.82168004e-01 1.73503569e-01 5.85801275e-02 3.24725039e-01
 8.82395239e-02 1.95930597e-01 1.23703320e-01 6.70375814e-02
 1.37040444e-01 1.28588245e-01 8.91368598e-02 5.48169780e-02
 5.40049612e-02 1.07477226e-02 5.02117114e-02 3.14656454e-02
 5.11797493e-02 1.31997142e-02 1.56296530e-02 3.25802629e-02
 1.93017421e-02 3.94548683e-04 2.62603564e-04 5.10929527e-04
 1.84202230e-04 1.11182834e-02 8.05645048e-02 5.45451958e-02
 4.65860548e-02 1.74198225e-02 5.60164928e-03 4.71937545e-02
 2.11113209e-02 3.06287821e-02 1.82857427e-02 2.89004683e-02
 3.36972967e-02 2.16650182e-02 1.75842561e-02 9.31810586e-03
 4.94781655e-03 2.80071175e-03 2.40017587e-03 2.16449050e-03
 2.56415239e-03 3.10090972e-03 6.61682029e-03 6.97178270e-03
 5.76523996e-03 9.85778514e-03 1.06867697e-02 8.40082554e-03
 1.78515653e-02 2.17522902e-02 2.49455741e-02 2.58289264e-02
 2.80998870e-02 2.96392108e-02 2.25382914e-02 2.59824710e-02
 2.22483106e-02 5.23161438e-02 9.61809189e-03 5.59347801e-04
 1.93799747e-04 1.15287702e-03 1.52303403e-01 6.05645410e-01
 1.97861800e-01 4.80851771e-01 9.40796143e-01 9.96347654e-01]","[0.01622933 0.0107573  0.01095618 0.01048624 0.00661165 0.01031072
 0.00121188 0.00195141 0.0117323  0.0009352  0.00370334 0.00155499
 0.0025211  0.00248916 0.00310846 0.0051738  0.00587214 0.00652378
 0.00371218 0.00795521 0.0068265  0.00277218 0.01134018 0.00722985
 0.00665509 0.01097544 0.00764938 0.01231657 0.00767408 0.00680922
 0.01782469 0.01702087 0.01959777 0.01994092 0.01887138 0.02670436
 0.01896163 0.01614988 0.01993233 0.01917075 0.01790127 0.024437
 0.02080956 0.02173782 0.02181392 0.01985454 0.01636326 0.02290178
 0.02355109 0.01961795 0.01424743 0.02131861 0.01542979 0.01562423
 0.01658424 0.01935248 0.02056064 0.01576289 0.01645669 0.01637545
 0.01691175 0.01809789 0.01508554 0.01850803 0.01750999 0.01542529
 0.01656211 0.01373003 0.01490225 0.01215143 0.01047891 0.00737139
 0.01250798 0.01246657 0.01294261 0.01569655 0.01650308 0.01633335
 0.02362862 0.02578583 0.02533955 0.02676106 0.03041035 0.02893663
 0.03203199 0.03320997 0.03318972 0.04347057 0.03598181 0.03657997
 0.05571936 0.05680141 0.06726703 0.07593124 0.10311208 0.09811628
 0.09899796 0.11075516 0.14812812 0.1634425 ]","[1.39484515e+05 3.83880523e+04 2.53017806e+04 1.89996730e+04
 1.08423054e+04 1.97521756e+03 4.10448615e+02 4.05145623e+02
 2.88208186e+02 1.94632762e+02 2.11300949e+02 1.40485219e+02
 1.87919391e+02 1.21430063e+02 1.01182023e+02 9.34141142e+01
 6.82842025e+01 9.46229459e+01 6.94017602e+01 6.13604573e+01
 7.13675904e+01 4.96739594e+01 5.44353317e+01 4.37460658e+01
 4.44497480e+01 4.52077410e+01 4.92734609e+01 4.17327985e+01
 5.34247388e+01 4.31481180e+01 4.28699515e+01 3.68903612e+01
 4.12955611e+01 4.38690554e+01 4.20088809e+01 3.84894248e+01
 4.34826641e+01 4.45217565e+01 3.92077473e+01 3.74441923e+01
 3.54091482e+01 3.26311325e+01 3.20129630e+01 3.31043932e+01
 3.41680545e+01 2.92112785e+01 2.59708876e+01 2.46052333e+01
 2.69620303e+01 2.28426635e+01 2.27221208e+01 2.29253114e+01
 2.04283121e+01 1.78043156e+01 1.80218873e+01 1.51406534e+01
 1.62942157e+01 1.53140664e+01 1.28703205e+01 1.29606093e+01
 1.38251581e+01 1.42455970e+01 1.24350033e+01 1.35887955e+01
 1.17726122e+01 1.03987534e+01 1.01615161e+01 1.07857184e+01
 1.07828040e+01 1.10184164e+01 1.35610001e+01 1.39723913e+01
 1.37002541e+01 1.07939273e+01 1.04176806e+01 8.51854562e+00
 9.66154627e+00 9.74530124e+00 9.13892849e+00 8.28398011e+00
 1.05635993e+01 1.02057784e+01 9.74409473e+00 1.00161927e+01
 9.16542110e+00 8.84404002e+00 9.06081710e+00 8.68998254e+00
 8.42895274e+00 9.96956390e+00 1.12444974e+01 1.06777862e+01
 1.23973854e+01 1.59385782e+01 2.39763359e+01 3.05266347e+01
 4.60994009e+01 1.04169109e+02 1.95491502e+02 2.45047041e+02]","[4.71695360e+04 1.53439938e+04 1.12194937e+04 8.43330563e+03
 5.06172470e+03 7.87228497e+02 7.05480243e+01 6.10717776e+01
 2.87103886e+01 2.22655912e+01 2.76263136e+01 1.39139825e+01
 2.24885838e+01 9.25234798e+00 6.16739364e+00 5.52027498e+00
 3.43312566e+00 5.30805361e+00 2.60340411e+00 1.45140695e+00
 2.66438436e+00 1.64763505e+00 2.13823621e+00 1.17390475e+00
 1.78685573e+00 5.95268079e-01 1.08028887e+00 6.47857491e-01
 1.26179773e+00 7.40903477e-01 4.67392671e-01 8.66087189e-01
 1.70543250e-01 2.44321016e-01 1.70339263e-01 1.41477840e-01
 1.45267525e-01 1.73498509e-01 1.72827484e-01 8.49233650e-02
 1.85620544e-01 3.25856347e-02 8.55052350e-02 8.08911078e-02
 1.16628443e-01 2.72528352e-02 4.69337382e-02 1.06045714e-01
 1.09874489e-01 2.57105239e-02 6.01154670e-02 1.49018157e-01
 2.15901300e-02 7.83447704e-03 1.20460442e-02 7.42576607e-03
 6.53923193e-03 8.62097043e-03 3.44973068e-03 1.94854454e-02
 7.49958814e-03 2.69228534e-02 1.91370911e-02 3.03435769e-02
 1.49559014e-02 7.07517357e-03 1.24243857e-02 1.56971107e-02
 4.51406614e-02 4.19594587e-01 1.37736361e+00 2.11324060e+00
 1.72376414e+00 5.23708039e-01 1.35520066e-01 6.30365177e-02
 3.26604485e-02 5.53272802e-02 3.64376644e-02 1.61503769e-02
 2.90095845e-02 2.84835416e-02 2.81506516e-02 2.48093506e-02
 2.12641942e-02 2.26225212e-02 2.10456258e-02 1.72415343e-02
 7.88221971e-03 1.68234005e-02 2.31129205e-02 2.67136941e-02
 1.72748867e-02 4.24431438e-02 1.89044305e-01 5.26431766e-01
 2.80633269e+00 2.26256084e+01 6.90746711e+01 9.65922906e+01]","[2.82205322e+01 4.57413190e+00 2.86992020e+00 2.00724228e+00
 5.97860323e-01 4.84152664e-02 5.77559269e-04 8.15949844e-04
 4.38554678e-03 2.93094273e-04 1.01907621e-03 3.62339948e-04
 3.74169407e-04 1.56169709e-04 1.10668084e-04 1.27045375e-04
 1.22463038e-04 1.23491693e-04 6.40131234e-05 1.30101328e-04
 1.00180675e-04 3.60590640e-05 1.34259008e-04 8.04354924e-05
 7.17511631e-05 1.13297536e-04 7.49356401e-05 1.12513928e-04
 6.55207015e-05 5.40440654e-05 1.37343383e-04 1.28934819e-04
 1.41058487e-04 1.41844520e-04 1.30940518e-04 1.86256480e-04
 1.29811055e-04 1.08122624e-04 1.31638331e-04 1.24556592e-04
 1.17343782e-04 1.59393618e-04 1.31713871e-04 1.41819983e-04
 1.43985947e-04 1.29750200e-04 1.09468428e-04 1.56601658e-04
 1.59635256e-04 1.35834929e-04 1.05677208e-04 1.60826634e-04
 1.03136477e-04 9.82948129e-05 1.03811560e-04 1.19491358e-04
 1.29744141e-04 1.01529837e-04 1.07037482e-04 1.10585892e-04
 1.15769163e-04 1.28790160e-04 1.06917520e-04 1.32647728e-04
 1.30687060e-04 1.16411685e-04 1.26300341e-04 1.07584897e-04
 1.19802161e-04 1.04162008e-04 1.32369143e-04 1.39846014e-04
 1.54497546e-04 1.19027299e-04 1.18366648e-04 1.50179983e-04
 1.58331347e-04 1.56566355e-04 2.29199083e-04 2.48287171e-04
 2.46635949e-04 2.62645368e-04 3.05934871e-04 2.90271828e-04
 3.30183026e-04 3.42483379e-04 3.47032718e-04 4.55062187e-04
 3.64822379e-04 3.68923259e-04 5.57616803e-04 5.63185991e-04
 6.65997496e-04 7.26873921e-04 9.68390238e-04 8.83773610e-04
 8.52161296e-04 9.18782248e-04 1.20760023e-03 1.33461069e-03]"
h4,"[0.00000000e+00 0.00000000e+00 0.00000000e+00 0.00000000e+00
 3.81677309e-06 8.94650597e-06 0.00000000e+00 0.00000000e+00
 0.00000000e+00 0.00000000e+00 2.25864413e-05 1.62664790e-05
 0.00000000e+00 0.00000000e+00 0.00000000e+00 0.00000000e+00
 0.00000000e+00 3.23085897e-05 0.00000000e+00 0.00000000e+00
 0.00000000e+00 0.00000000e+00 0.00000000e+00 0.00000000e+00
 0.00000000e+00 9.37177931e-06 2.07975475e-05 0.00000000e+00
 2.22009379e-05 2.10589929e-05 4.53291332e-05 0.00000000e+00
 0.00000000e+00 0.00000000e+00 0.00000000e+00 1.84951964e-04
 2.05616412e-05 3.64376408e-04 3.01055890e-04 1.56327758e-05
 3.03946710e-04 3.21596043e-04 6.16809996e-05 2.47631277e-04
 5.56680859e-04 4.72745685e-04 1.89074734e-04 1.26344864e-04
 3.65811424e-04 4.48047835e-05 1.43603300e-04 2.39611317e-04
 1.95579740e-04 3.32395501e-04 6.27669768e-04 2.11912948e-04
 7.57067753e-04 5.95628749e-04 1.44469882e-03 8.49835383e-04
 1.74450674e-03 2.58429111e-03 2.56917471e-03 3.14459230e-03
 3.31687003e-03 4.16262628e-03 4.78393145e-03 4.44925128e-03
 4.54011726e-03 3.52436636e-03 2.15642567e-03 1.98889882e-03
 2.64956159e-03 3.82783892e-03 8.67965061e-03 9.20276382e-03
 1.07247790e-02 1.22311590e-02 1.32683892e-02 1.20409418e-02
 1.39116425e-02 1.36521180e-02 1.51009288e-02 1.74088848e-02
 1.78883110e-02 1.91138107e-02 2.13099259e-02 2.28011387e-02
 2.18548539e-02 3.02747210e-02 4.65257714e-02 1.74795803e-01
 2.61772384e-01 1.53556948e-01 3.10107546e-02 9.82919641e-03
 3.89415082e-03 2.32877347e-03 2.21163192e-03 2.01014833e-03]","[0.00000000e+00 0.00000000e+00 0.00000000e+00 0.00000000e+00
 3.57855799e-06 1.76047197e-05 0.00000000e+00 0.00000000e+00
 0.00000000e+00 0.00000000e+00 1.66055000e-10 2.02591484e-10
 0.00000000e+00 0.00000000e+00 0.00000000e+00 0.00000000e+00
 0.00000000e+00 1.68741843e-03 0.00000000e+00 0.00000000e+00
 0.00000000e+00 0.00000000e+00 0.00000000e+00 0.00000000e+00
 0.00000000e+00 1.12487870e-09 5.26662345e-09 0.00000000e+00
 6.95484931e-09 5.56076926e-09 3.43877831e-09 0.00000000e+00
 0.00000000e+00 0.00000000e+00 0.00000000e+00 1.80462518e-03
 3.55155859e-04 2.75916406e-02 4.16489098e-03 5.59929313e-09
 3.44939131e-03 8.52202029e-03 3.55761886e-08 1.76402866e-03
 4.47525465e-03 6.50734149e-03 1.15838461e-05 4.91236234e-08
 9.71599992e-05 2.63585541e-08 2.39783609e-06 4.25856509e-06
 7.87579353e-06 1.35028682e-03 1.75046292e-02 2.11981370e-03
 1.27121661e-02 9.83655017e-04 6.94890388e-03 2.37151116e-05
 1.70696985e-03 7.45598599e-03 4.46077198e-03 8.28897416e-04
 8.80907982e-03 7.46440122e-03 9.55843054e-03 1.71704638e-03
 1.12636495e-03 6.28397266e-05 5.23409190e-06 3.55850118e-06
 1.09845924e-05 2.54844282e-05 4.61381278e-04 1.26299436e-03
 2.31533473e-03 3.48444275e-03 6.25756467e-03 4.16330828e-03
 1.20139800e-02 1.39127674e-02 2.31607036e-02 3.65921037e-02
 4.42704593e-02 5.63645509e-02 8.31679859e-02 1.15064450e-01
 1.97136875e-01 5.15379559e-01 9.57693627e-01 9.98411954e-01
 9.99194164e-01 9.97781296e-01 8.00481843e-01 4.78015367e-02
 1.48312563e-04 4.89669479e-07 5.68324026e-07 4.39695344e-08]","[0.00000000e+000 0.00000000e+000 0.00000000e+000 0.00000000e+000
 0.00000000e+000 0.00000000e+000 0.00000000e+000 0.00000000e+000
 0.00000000e+000 0.00000000e+000 2.85048842e-006 2.18669457e-006
 0.00000000e+000 0.00000000e+000 0.00000000e+000 0.00000000e+000
 0.00000000e+000 1.04568896e-006 0.00000000e+000 0.00000000e+000
 0.00000000e+000 0.00000000e+000 0.00000000e+000 0.00000000e+000
 0.00000000e+000 2.67433673e-006 3.39638623e-005 0.00000000e+000
 1.57616318e-005 2.21225417e-005 1.97047361e-005 0.00000000e+000
 0.00000000e+000 0.00000000e+000 0.00000000e+000 2.64277741e-005
 1.01320932e-007 1.25066955e-215 1.40160754e-005 1.09782732e-005
 3.45969992e-007 3.30708737e-055 2.02319714e-004 1.87961662e-004
 4.50172361e-004 8.64685885e-005 1.39890673e-003 1.04937777e-003
 1.70817954e-003 1.26555236e-005 8.72024023e-005 4.42569604e-004
 5.77905032e-004 3.90265958e-004 7.34770344e-004 6.63291701e-004
 3.79880931e-003 5.10492959e-003 7.06873145e-003 9.83853146e-003
 1.06848253e-002 1.65110953e-002 1.57458661e-002 1.71727154e-002
 1.87117595e-002 2.37739050e-002 1.84906085e-002 2.06819081e-002
 1.77316421e-002 1.94063300e-002 1.42229829e-002 1.15584339e-002
 1.79282265e-002 2.79323090e-002 3.51440906e-002 3.71586664e-002
 4.48279726e-002 3.61493397e-002 4.76426051e-002 4.70021638e-002
 5.33982981e-002 5.24733878e-002 4.66336755e-002 4.83141537e-002
 4.39312917e-002 4.19711365e-002 4.75257840e-002 3.88394971e-002
 4.30710678e-002 4.17927177e-002 3.99617980e-002 5.99069002e-002
 6.05643578e-002 4.09174717e-002 2.68745279e-002 1.60048903e-002
 1.16840844e-002 1.11155292e-002 1.01379802e-002 1.02412748e-002]","[0.00000000e+00 0.00000000e+00 0.00000000e+00 0.00000000e+00
 5.73783468e+00 2.71615976e+00 0.00000000e+00 0.00000000e+00
 0.00000000e+00 0.00000000e+00 1.02624431e+00 6.18142231e-01
 0.00000000e+00 0.00000000e+00 0.00000000e+00 0.00000000e+00
 0.00000000e+00 5.30886342e-01 0.00000000e+00 0.00000000e+00
 0.00000000e+00 0.00000000e+00 0.00000000e+00 0.00000000e+00
 0.00000000e+00 7.81627574e-02 1.62016420e-01 0.00000000e+00
 1.46547287e-01 1.29545186e-01 2.60510079e-01 0.00000000e+00
 0.00000000e+00 0.00000000e+00 0.00000000e+00 7.97725462e-01
 8.40518651e-02 1.41776896e+00 1.11483096e+00 5.49410319e-02
 1.03175144e+00 1.04018848e+00 1.89699458e-01 7.36208853e-01
 1.57907899e+00 1.28540488e+00 4.98430472e-01 3.22998712e-01
 9.12103270e-01 1.15428544e-01 4.03048623e-01 6.72111095e-01
 4.69801303e-01 6.69705698e-01 1.21194140e+00 3.93870868e-01
 1.35836513e+00 1.03827680e+00 2.45816167e+00 1.38811384e+00
 2.74414965e+00 3.98130765e+00 3.80030384e+00 4.51791673e+00
 4.57301205e+00 5.53458510e+00 6.19251268e+00 5.64057604e+00
 5.80535725e+00 5.57199138e+00 5.02722029e+00 6.02075841e+00
 6.51412593e+00 5.87765104e+00 1.00198003e+01 9.81824344e+00
 1.08403889e+01 1.19883608e+01 1.24457344e+01 1.06534260e+01
 1.19271263e+01 1.13857972e+01 1.21513944e+01 1.34884357e+01
 1.33298006e+01 1.39017141e+01 1.51451962e+01 1.56645091e+01
 1.42264502e+01 1.90221517e+01 2.87426581e+01 1.20201202e+02
 1.96415025e+02 9.82778532e+01 1.69252778e+01 5.22463682e+00
 2.18087611e+00 1.48220363e+00 1.47679756e+00 1.38441818e+00]","[0.00000000e+00 0.00000000e+00 0.00000000e+00 0.00000000e+00
 2.41006736e+00 1.73676691e+00 0.00000000e+00 0.00000000e+00
 0.00000000e+00 0.00000000e+00 9.75756460e-08 5.98025363e-08
 0.00000000e+00 0.00000000e+00 0.00000000e+00 0.00000000e+00
 0.00000000e+00 4.53478224e-02 0.00000000e+00 0.00000000e+00
 0.00000000e+00 0.00000000e+00 0.00000000e+00 0.00000000e+00
 0.00000000e+00 6.36661474e-09 3.55428328e-08 0.00000000e+00
 2.29627101e-08 2.37458706e-08 2.74369457e-08 0.00000000e+00
 0.00000000e+00 0.00000000e+00 0.00000000e+00 3.80852749e-03
 3.76477275e-04 3.72281969e-02 8.07530836e-03 8.67451713e-09
 1.18559087e-02 2.58376076e-02 6.05824873e-08 4.53492153e-03
 1.01982129e-02 1.34354050e-02 3.47847262e-05 1.59892808e-07
 5.53079884e-04 1.71763908e-06 5.48915004e-04 1.24205685e-03
 9.23112635e-04 9.51477019e-04 2.61730071e-03 2.88590780e-04
 1.78439241e-03 4.86805238e-04 4.27942659e-03 9.79153950e-06
 6.06384171e-04 6.55384915e-03 4.66845681e-03 8.70287367e-04
 3.90974179e-03 2.43765935e-03 6.75363387e-03 2.89250492e-03
 1.02762214e-02 9.41446728e-03 3.00363310e-03 3.47424449e-03
 7.38444661e-03 4.30402725e-03 9.44961756e-03 1.14195708e-02
 1.31165174e-02 1.95565979e-02 2.13358244e-02 8.00385601e-03
 1.95232497e-02 1.82180766e-02 2.61364560e-02 3.51476602e-02
 3.35010473e-02 4.30209919e-02 7.76599377e-02 7.63548494e-02
 6.98424339e-02 1.65731572e-01 2.30140208e+00 4.76828041e+01
 8.90659882e+01 3.67332979e+01 9.93586026e-01 4.15494726e-02
 2.10356114e-03 2.30405097e-05 4.17272068e-05 4.26268685e-06]","[0.00000000e+000 0.00000000e+000 0.00000000e+000 0.00000000e+000
 0.00000000e+000 0.00000000e+000 0.00000000e+000 0.00000000e+000
 0.00000000e+000 0.00000000e+000 7.84391055e-007 5.09538664e-007
 0.00000000e+000 0.00000000e+000 0.00000000e+000 0.00000000e+000
 0.00000000e+000 1.97943331e-008 0.00000000e+000 0.00000000e+000
 0.00000000e+000 0.00000000e+000 0.00000000e+000 0.00000000e+000
 0.00000000e+000 2.76067134e-008 3.32720097e-007 0.00000000e+000
 1.34571619e-007 1.75584333e-007 1.51829578e-007 0.00000000e+000
 0.00000000e+000 0.00000000e+000 0.00000000e+000 1.84327390e-007
 6.93641813e-010 8.37316864e-218 9.25658191e-008 7.13282474e-008
 2.26785182e-009 2.15709185e-057 1.28058028e-006 1.22628299e-006
 2.97142799e-006 5.65075501e-007 9.35853310e-006 7.17561336e-006
 1.15784723e-005 8.76270197e-008 6.46804858e-007 3.33872530e-006
 3.86285933e-006 2.45523319e-006 4.59940738e-006 4.09547743e-006
 2.39716846e-005 3.28811927e-005 4.59763773e-005 6.64410777e-005
 7.31428444e-005 1.17498035e-004 1.11597516e-004 1.23077499e-004
 1.39656545e-004 1.79417115e-004 1.41006808e-004 1.62057980e-004
 1.42548213e-004 1.66350961e-004 1.79664149e-004 2.19280297e-004
 2.21448001e-004 2.66689852e-004 3.21410215e-004 3.55523181e-004
 4.30081760e-004 3.46516265e-004 4.62136276e-004 4.52575560e-004
 5.19738483e-004 5.14997987e-004 4.69145111e-004 4.84653488e-004
 4.52840014e-004 4.32834390e-004 4.96931063e-004 4.06582807e-004
 4.36700907e-004 4.21495895e-004 3.99921473e-004 5.93976883e-004
 5.99635704e-004 3.91694439e-004 2.52395546e-004 1.44162616e-004
 1.00575047e-004 9.22101579e-005 8.26489077e-005 8.36264436e-005]"
h10,"[0.01214238 0.0065839  0.00473656 0.00368259 0.00428332 0.00471166
 0.00591818 0.00469628 0.00455851 0.0037283  0.00685435 0.00474637
 0.00427522 0.00520932 0.00498428 0.00742495 0.00443653 0.00565968
 0.0058066  0.0038709  0.00736367 0.00568858 0.0070442  0.00695234
 0.00767907 0.00733741 0.00913588 0.00768787 0.008811   0.01057291
 0.00837785 0.00880825 0.00942262 0.01023813 0.00985509 0.01481828
 0.01253823 0.01211143 0.01307929 0.01540211 0.01727465 0.01681284
 0.01576666 0.01705726 0.0201865  0.02091973 0.02835162 0.03522552
 0.04708882 0.11428576 0.21565698 0.24410174 0.13716125 0.01191884
 0.00701775 0.00560893 0.00478609 0.00372238 0.00400859 0.00334259
 0.0031256  0.00294919 0.00260255 0.00270267 0.00242251 0.00224684
 0.0023033  0.00201952 0.00223175 0.00140374 0.00077092 0.00097403
 0.00089877 0.00157514 0.00223519 0.00220084 0.00198889 0.00208073
 0.00268379 0.00236171 0.00188035 0.00223626 0.00277876 0.00265083
 0.00307463 0.00353361 0.00236177 0.00338314 0.00327337 0.00356874
 0.00324519 0.00275111 0.00261026 0.00299129 0.00372682 0.00398717
 0.00364191 0.00351617 0.00354751 0.00412813]","[1.20737420e-02 6.69635941e-03 4.99786958e-03 3.80246883e-03
 4.38885100e-03 4.96118754e-03 1.42622176e-02 1.93181278e-02
 1.47649113e-02 8.65489597e-03 6.07915302e-02 2.25028124e-02
 1.52254352e-02 8.93166017e-02 1.48233477e-01 2.87050018e-01
 9.68129446e-02 2.18603498e-01 2.16004203e-01 1.76453422e-01
 2.78501696e-01 3.34059290e-01 1.91267426e-01 2.10214449e-01
 1.29062322e-01 1.40531286e-01 1.58969631e-01 5.92191433e-02
 4.67141321e-02 1.71702573e-01 1.59136434e-02 2.52026503e-02
 1.82105994e-01 1.58712166e-01 8.22529279e-02 5.36595913e-01
 2.09751318e-01 2.82765705e-01 3.16522949e-01 3.54746182e-01
 3.75734112e-01 3.56509444e-01 3.21069781e-01 2.69120092e-01
 3.39790517e-01 4.53652121e-01 4.66140949e-01 6.13059458e-01
 8.65942698e-01 9.93446934e-01 9.98510664e-01 9.99116817e-01
 9.94913022e-01 7.15178453e-01 3.65953389e-02 5.41621708e-02
 4.54355114e-02 3.63780079e-03 9.23195157e-03 2.53302879e-03
 5.10829727e-03 2.24711801e-03 8.30042510e-04 1.00696812e-03
 1.44634471e-03 1.78837109e-03 2.09258301e-05 6.35699937e-06
 2.98269225e-05 5.47477741e-06 3.26997178e-07 1.00698546e-06
 2.61908825e-06 6.92842212e-06 5.88652612e-05 5.26593035e-05
 1.11368699e-04 2.47431653e-04 1.03335947e-03 4.39534042e-04
 3.03673262e-04 5.11162671e-04 5.21574485e-04 6.57573252e-04
 7.58714687e-04 8.49491392e-04 4.64232893e-04 7.04058925e-04
 1.00533995e-03 1.82603004e-03 1.64862493e-04 1.12847503e-05
 6.80071534e-06 3.54141273e-05 1.42023356e-03 2.37353068e-03
 1.79641152e-04 8.08878855e-05 7.79688062e-05 4.39616711e-05]","[0.00996849 0.00637547 0.00438482 0.0050298  0.00421047 0.00610092
 0.00217139 0.00125678 0.00109078 0.00305403 0.00169227 0.00212341
 0.00166205 0.00280064 0.0028461  0.00427146 0.00355659 0.0027991
 0.00334305 0.00184407 0.01006551 0.00757493 0.00580594 0.00498056
 0.00743202 0.01197405 0.01287566 0.01230026 0.01185141 0.01301724
 0.01279941 0.01294129 0.01739729 0.01293592 0.0190741  0.02257857
 0.02201914 0.02775169 0.02059814 0.02678357 0.02620082 0.03559068
 0.03250977 0.0476492  0.05299851 0.05724214 0.07534585 0.07197887
 0.0773907  0.08703401 0.14067488 0.17427778 0.08393108 0.03865788
 0.02442725 0.01184248 0.01235355 0.00788106 0.00703925 0.00800099
 0.00504618 0.00537546 0.00369399 0.00456156 0.00486381 0.00488035
 0.00388773 0.00363275 0.00374966 0.0029962  0.00156695 0.00181821
 0.0015059  0.00178518 0.00207579 0.00268146 0.00193682 0.00225905
 0.00301545 0.00256051 0.00170485 0.00209448 0.00267995 0.0023958
 0.0033166  0.0033397  0.00191604 0.00342866 0.00283954 0.00263576
 0.00322956 0.00237996 0.0030947  0.00311814 0.00279165 0.00299411
 0.00248644 0.00230662 0.00262724 0.00338468]","[1.32502133e+05 2.17964169e+04 1.16840781e+04 8.12356255e+03
 6.43920368e+03 1.43045891e+03 6.23304340e+02 3.73001763e+02
 2.99171457e+02 2.01949550e+02 3.11436138e+02 1.80366799e+02
 1.33694959e+02 1.37433207e+02 1.12483936e+02 1.47662460e+02
 7.91103604e+01 9.29983157e+01 8.69012542e+01 5.23849616e+01
 9.10448118e+01 6.40757512e+01 7.28419867e+01 6.62960895e+01
 6.89031387e+01 6.11956968e+01 7.11700470e+01 5.49139767e+01
 5.81610017e+01 6.50396554e+01 4.81481815e+01 4.71069107e+01
 4.76122493e+01 4.88730711e+01 4.46996171e+01 6.39134531e+01
 5.12537786e+01 4.71249133e+01 4.84335212e+01 5.41303746e+01
 5.86390607e+01 5.43804107e+01 4.84902585e+01 5.07113194e+01
 5.72609697e+01 5.68811631e+01 7.47393000e+01 9.00534904e+01
 1.17409848e+02 2.94429249e+02 6.05280316e+02 6.84706766e+02
 3.29474492e+02 2.40139083e+01 1.35502728e+01 1.04250040e+01
 8.58741925e+00 6.48869915e+00 6.82063332e+00 5.45975419e+00
 4.91664036e+00 4.54346359e+00 3.84966765e+00 3.88299842e+00
 3.33994161e+00 2.98737912e+00 2.98148166e+00 2.56026642e+00
 2.85369060e+00 2.21930388e+00 1.79722449e+00 2.94855410e+00
 2.20967855e+00 2.41862330e+00 2.58030388e+00 2.34802664e+00
 2.01032978e+00 2.03942458e+00 2.51739556e+00 2.08956134e+00
 1.61211733e+00 1.86502707e+00 2.23601082e+00 2.05387085e+00
 2.29111890e+00 2.57004046e+00 1.67853528e+00 2.32423643e+00
 2.13080691e+00 2.24230245e+00 2.00481215e+00 1.89184651e+00
 1.95855103e+00 1.91445553e+00 2.03405369e+00 2.11934907e+00
 2.03961283e+00 2.23794926e+00 2.36881575e+00 2.84310037e+00]","[4.11123573e+04 8.47344660e+03 5.00920156e+03 3.58210265e+03
 2.95577899e+03 4.89438430e+02 1.04985276e+02 5.60941604e+01
 2.37468261e+01 8.97689827e+00 3.57217357e+01 6.64255586e+00
 1.83644137e+00 5.63150864e+00 7.09868641e+00 1.34659482e+01
 2.08997794e+00 5.87476848e+00 4.05879714e+00 1.50184865e+00
 3.62601608e+00 4.03729677e+00 2.04763400e+00 1.25261132e+00
 1.40450428e+00 7.95382259e-01 1.07283748e+00 2.17383626e-01
 1.54235272e-01 7.33212775e-01 1.26970026e-01 6.72190006e-02
 3.51961872e-01 1.97910476e-01 1.13262143e-01 1.13244585e+00
 2.22343522e-01 3.81523431e-01 6.13706441e-01 5.49578628e-01
 1.29143635e+00 1.08088819e+00 5.46747887e-01 6.91847318e-01
 7.74314828e-01 9.36634411e-01 1.39975834e+00 1.99545130e+00
 4.92934841e+00 6.47373625e+01 2.28580047e+02 2.91403293e+02
 1.16612603e+02 5.03949125e-01 5.47175298e-03 7.37362116e-03
 6.37773145e-03 1.80032679e-03 5.68542316e-03 1.04584165e-03
 1.81467212e-03 1.97522802e-03 8.68687667e-04 1.05724980e-03
 6.41932469e-04 5.84030706e-04 1.47854184e-05 1.07088849e-05
 2.72121449e-04 8.20215420e-04 1.87650422e-04 9.83142482e-04
 1.76069504e-03 1.17013093e-03 1.20562804e-03 4.76127737e-04
 6.30910715e-04 1.38872173e-03 3.52334772e-03 8.44993201e-04
 4.93482505e-04 6.69342082e-04 5.88587843e-04 6.31616084e-04
 5.74146665e-04 6.48385586e-04 4.33487684e-04 4.67201757e-04
 3.56175826e-04 5.87199907e-04 3.96175637e-04 5.38944405e-04
 6.06200931e-04 1.30377037e-03 1.76284351e-03 2.06309158e-03
 2.54790383e-03 3.80603281e-03 5.72458730e-03 4.26192453e-03]","[1.73338034e+01 2.71092763e+00 1.14858357e+00 9.62787732e-01
 3.80732826e-01 2.86476356e-02 1.03484255e-03 5.25504243e-04
 4.07733202e-04 9.57138678e-04 4.65673913e-04 4.94792050e-04
 2.46673485e-04 1.75711411e-04 1.01327732e-04 1.04887828e-04
 7.41724262e-05 5.29855466e-05 5.76477380e-05 3.01582932e-05
 1.47713941e-04 9.85306157e-05 6.87378557e-05 5.54110570e-05
 8.01274768e-05 1.23606011e-04 1.26133822e-04 1.12364993e-04
 1.01186465e-04 1.03316531e-04 9.86224301e-05 9.80315935e-05
 1.25220192e-04 9.20162637e-05 1.32347120e-04 1.57480095e-04
 1.50742783e-04 1.85796154e-04 1.36035522e-04 1.74018733e-04
 1.71747802e-04 2.32144931e-04 2.05770224e-04 3.10868764e-04
 3.49824354e-04 3.74079523e-04 5.04055469e-04 4.92189328e-04
 5.24573706e-04 6.02624706e-04 1.04342535e-03 1.31474378e-03
 5.61015991e-04 2.43203659e-04 1.52906121e-04 7.31210673e-05
 7.79548184e-05 5.07624561e-05 4.57846548e-05 5.40318656e-05
 3.45435749e-05 3.82534411e-05 2.61808524e-05 3.26928601e-05
 3.63013870e-05 3.68310761e-05 2.96472752e-05 2.84652491e-05
 3.01442742e-05 2.56834294e-05 1.97936996e-05 3.44940154e-05
 1.86007587e-05 1.70444218e-05 1.89841576e-05 2.56554003e-05
 1.85819549e-05 2.16545373e-05 2.92500525e-05 2.46547301e-05
 1.65936878e-05 2.05561950e-05 2.69609332e-05 2.40329346e-05
 3.41871911e-05 3.44411795e-05 2.00341801e-05 3.58921880e-05
 2.87903508e-05 2.65826317e-05 3.23200977e-05 2.35972648e-05
 3.06400109e-05 2.98493281e-05 2.62181637e-05 2.69691393e-05
 2.14029681e-05 1.91348595e-05 2.14183087e-05 2.76380426e-05]"
halos,"[0.0552426  0.03975627 0.03432609 0.0303399  0.02920889 0.02836534
 0.02754503 0.02661016 0.02618467 0.02378404 0.02906286 0.02591277
 0.02491151 0.02907093 0.02742537 0.0294086  0.02636543 0.03059538
 0.02743684 0.02688526 0.03028165 0.0262145  0.02957055 0.02859719
 0.03047579 0.03012554 0.03306181 0.03247199 0.03580828 0.03671405
 0.04326359 0.03953985 0.04105872 0.04095277 0.03963599 0.04510919
 0.04509391 0.04494903 0.04663995 0.0480597  0.04965348 0.04838988
 0.04740755 0.05379605 0.05353214 0.05374445 0.06150993 0.07148369
 0.08548625 0.14903098 0.24664389 0.27240291 0.17133775 0.04942253
 0.04414059 0.03932343 0.04160586 0.0453033  0.0479403  0.04807747
 0.04791609 0.06052549 0.05785804 0.06557225 0.06029459 0.06250526
 0.07317965 0.08879319 0.12488163 0.31362503 0.5505317  0.66632713
 0.60274804 0.38194667 0.20939183 0.1709495  0.15539879 0.15689695
 0.14783502 0.13268378 0.13827355 0.1442017  0.14267449 0.14270619
 0.13929401 0.14337079 0.15110587 0.14569581 0.13184552 0.12919356
 0.1364215  0.25208424 0.33393159 0.23965871 0.1405791  0.13081347
 0.14221932 0.21364327 0.33575289 0.39503884]","[0.0571465  0.04110042 0.03574892 0.03085481 0.02972576 0.03129141
 0.04660052 0.08080087 0.07338463 0.06752677 0.17837375 0.15688139
 0.27125183 0.56570171 0.45581183 0.56322646 0.46623144 0.60491494
 0.51517493 0.57322768 0.67133491 0.66061593 0.69728637 0.66987546
 0.5449723  0.46600719 0.48378162 0.50478633 0.55281584 0.65314294
 0.90202934 0.5786911  0.41832213 0.51252789 0.35906102 0.6810475
 0.47391139 0.49410293 0.51856661 0.53858334 0.47282143 0.45042001
 0.52710589 0.5101106  0.460164   0.51137567 0.61086574 0.78840742
 0.93731977 0.99663804 0.99906477 0.99943884 0.99652304 0.80335833
 0.44951223 0.45977515 0.47795978 0.8338245  0.82951172 0.83424643
 0.84874656 0.95589735 0.93135984 0.95364826 0.92615169 0.87296715
 0.96984639 0.99091676 0.99430943 0.99987084 0.99995511 0.99998477
 0.9999767  0.99988663 0.99789585 0.99859819 0.99817306 0.99683421
 0.9937853  0.99363558 0.99004086 0.99108367 0.98716783 0.98399741
 0.9906794  0.98604596 0.99045794 0.99196235 0.9773814  0.97673043
 0.99349744 0.99968236 0.99976395 0.99941366 0.96250415 0.67417929
 0.21989711 0.49405286 0.9420602  0.99646496]","[0.06353678 0.03729134 0.03356824 0.0331069  0.02909017 0.02244982
 0.01995457 0.01456718 0.03258798 0.01390437 0.01671739 0.01713742
 0.02381441 0.01709286 0.02095091 0.02888814 0.03083392 0.03085822
 0.02409863 0.03493345 0.04107561 0.03240712 0.03815458 0.03190898
 0.03297729 0.04145944 0.04487996 0.04822883 0.05367045 0.05527602
 0.06716012 0.07221438 0.08524061 0.0807836  0.07868986 0.09173467
 0.09289476 0.08435853 0.0768581  0.08795667 0.07884337 0.09805165
 0.08849271 0.11227351 0.12640244 0.12980581 0.14614702 0.15153457
 0.16084509 0.17368534 0.23141812 0.25770167 0.17093242 0.1250009
 0.1203154  0.09790868 0.11496137 0.10586985 0.10216575 0.12037628
 0.12179475 0.14460291 0.13841887 0.14450408 0.16598433 0.19135574
 0.20984532 0.23658824 0.24819921 0.28320492 0.51247119 0.67054398
 0.48311362 0.30565693 0.27328791 0.27638896 0.26936358 0.25914298
 0.253117   0.26162572 0.26364567 0.25740536 0.27032477 0.26637092
 0.26725082 0.26447628 0.26457276 0.27418326 0.26356077 0.26706034
 0.28325232 0.30391417 0.31864911 0.31383155 0.32284081 0.30896343
 0.3024252  0.29979978 0.31721052 0.33861192]","[6.02827786e+05 1.31615689e+05 8.46750439e+04 6.69278720e+04
 4.39103382e+04 8.61171953e+03 2.90105001e+03 2.11351188e+03
 1.71848016e+03 1.28830147e+03 1.32050885e+03 9.84710799e+02
 7.79034299e+02 7.66954243e+02 6.18928338e+02 5.84858944e+02
 4.70137852e+02 5.02735344e+02 4.10617923e+02 3.63839010e+02
 3.74403965e+02 2.95278160e+02 3.05780298e+02 2.72696901e+02
 2.73454652e+02 2.51253827e+02 2.57557073e+02 2.31945538e+02
 2.36368699e+02 2.25847839e+02 2.48639236e+02 2.11460814e+02
 2.07468680e+02 1.95493423e+02 1.79776457e+02 1.94562672e+02
 1.84334850e+02 1.74894260e+02 1.72710997e+02 1.68904724e+02
 1.68549459e+02 1.56514976e+02 1.45801572e+02 1.59935897e+02
 1.51849081e+02 1.46132220e+02 1.62149763e+02 1.82746958e+02
 2.13148866e+02 3.83941802e+02 6.92250671e+02 7.64091709e+02
 4.11569715e+02 9.95758022e+01 8.52292289e+01 7.30882796e+01
 7.46511125e+01 7.89709364e+01 8.15706447e+01 7.85293323e+01
 7.53731270e+01 9.32443745e+01 8.55831736e+01 9.42093330e+01
 8.31289394e+01 8.31063452e+01 9.47266696e+01 1.12568318e+02
 1.59683645e+02 4.95838338e+02 1.28344053e+03 2.01709340e+03
 1.48189673e+03 5.86479554e+02 2.41722209e+02 1.82382581e+02
 1.57073946e+02 1.53782421e+02 1.38669090e+02 1.17394206e+02
 1.18548626e+02 1.20263490e+02 1.14807108e+02 1.10569014e+02
 1.03797468e+02 1.04275374e+02 1.07392585e+02 1.00093835e+02
 8.58250421e+01 8.11746369e+01 8.42783774e+01 1.73349864e+02
 2.50558062e+02 1.53383767e+02 7.67262952e+01 6.95329352e+01
 7.96483582e+01 1.35978377e+02 2.24196007e+02 2.72068950e+02]","[1.94589808e+05 5.20076913e+04 3.58299730e+04 2.90666710e+04
 2.00195404e+04 3.08700673e+03 3.43030019e+02 2.34621955e+02
 1.18026583e+02 7.00390768e+01 1.04814274e+02 4.63094739e+01
 3.27174935e+01 3.56681068e+01 2.18281678e+01 2.64218005e+01
 1.00649085e+01 1.62565340e+01 9.68032337e+00 4.87891487e+00
 8.74059734e+00 7.98391975e+00 7.46487424e+00 3.99160754e+00
 5.93059168e+00 2.63751836e+00 3.26489433e+00 1.85298665e+00
 1.82522285e+00 2.78908313e+00 7.19701234e+00 1.54345027e+00
 8.08504081e-01 6.39110666e-01 4.94426421e-01 1.43730021e+00
 5.02362171e-01 6.66671526e-01 1.00544895e+00 8.34382172e-01
 1.62513535e+00 1.36561228e+00 8.97605595e-01 1.31137980e+00
 1.04862200e+00 1.05581354e+00 1.83434737e+00 2.56619256e+00
 5.33565990e+00 6.49453088e+01 2.28706892e+02 2.91497214e+02
 1.16801310e+02 5.66084905e-01 6.72112888e-02 6.25936461e-02
 6.70906749e-02 4.12654974e-01 5.10848124e-01 3.44445220e-01
 3.01508828e-01 8.40238577e-01 9.74722132e-01 1.00126748e+00
 4.11054732e-01 2.85086035e-01 6.85257623e-01 1.66928025e+00
 9.07143278e+00 1.49797776e+02 5.73833691e+02 9.76307552e+02
 6.72239289e+02 1.68869369e+02 2.04380511e+01 9.02898948e+00
 5.65471342e+00 5.59477863e+00 3.38841543e+00 1.91023955e+00
 1.60886025e+00 1.29777475e+00 1.11400193e+00 9.45154918e-01
 7.49682700e-01 7.52612676e-01 9.24861902e-01 6.58249664e-01
 3.46270560e-01 3.14089037e-01 2.38744104e+00 4.77434770e+01
 8.91167774e+01 3.67933932e+01 1.19469377e+00 5.86001958e-01
 3.11886606e+00 2.32467617e+01 6.91674798e+01 9.66036626e+01]","[1.10481551e+02 1.58567262e+01 8.79304609e+00 6.33721448e+00
 2.63048832e+00 1.05415898e-01 9.50994228e-03 6.09103815e-03
 1.21814198e-02 4.35766191e-03 4.60025279e-03 3.99332237e-03
 3.53442477e-03 1.07240323e-03 7.45900050e-04 7.09363287e-04
 6.43039628e-04 5.84129516e-04 4.15558226e-04 5.71309486e-04
 6.02795011e-04 4.21534132e-04 4.51720885e-04 3.55002609e-04
 3.55540940e-04 4.27978580e-04 4.39657407e-04 4.40578517e-04
 4.58234280e-04 4.38720044e-04 5.17484362e-04 5.47031169e-04
 6.13534768e-04 5.74633034e-04 5.45995695e-04 6.39827343e-04
 6.35956370e-04 5.64776021e-04 5.07590932e-04 5.71473743e-04
 5.16822507e-04 6.39554944e-04 5.60113576e-04 7.32485004e-04
 8.34337644e-04 8.48285910e-04 9.77707618e-04 1.03618876e-03
 1.09024861e-03 1.20259969e-03 1.71649359e-03 1.94408984e-03
 1.14255430e-03 7.86403107e-04 7.53132665e-04 6.04534628e-04
 7.25442506e-04 6.81914768e-04 6.64505489e-04 8.12919037e-04
 8.33744547e-04 1.02903880e-03 9.81032217e-04 1.03566617e-03
 1.23883581e-03 1.44412515e-03 1.60025119e-03 1.85384310e-03
 1.99532306e-03 2.42763114e-03 6.47351543e-03 1.27211943e-02
 5.96738024e-03 2.91832666e-03 2.49935406e-03 2.64440822e-03
 2.58428733e-03 2.48406353e-03 2.45525083e-03 2.51914804e-03
 2.56612672e-03 2.52629475e-03 2.71952705e-03 2.67204503e-03
 2.75479872e-03 2.72745608e-03 2.76638092e-03 2.87022770e-03
 2.67226315e-03 2.69340788e-03 2.83467444e-03 3.01330882e-03
 3.15488171e-03 3.00424406e-03 3.03200054e-03 2.78296047e-03
 2.60323598e-03 2.48702375e-03 2.58602819e-03 2.76497904e-03]"
<.05,"[0.03064545 0.02165128 0.01928288 0.01798962 0.01764356 0.01685009
 0.01780305 0.01697272 0.01652626 0.01544469 0.01680362 0.01758481
 0.01479198 0.01858706 0.01741836 0.01663178 0.01743686 0.01802431
 0.01590906 0.01784257 0.01629947 0.01537203 0.01645032 0.01638908
 0.01652342 0.01524752 0.01576435 0.0169833  0.01627003 0.01597679
 0.02404597 0.0202055  0.019398   0.01847953 0.01775675 0.01840837
 0.01927714 0.01867964 0.02062305 0.01980066 0.01960479 0.01853064
 0.01698424 0.01892899 0.01756086 0.01798703 0.01837029 0.0181235
 0.01906306 0.01994911 0.01838599 0.01689847 0.01903579 0.01887715
 0.01830355 0.01799727 0.01903284 0.0184166  0.0164308  0.01739817
 0.01683127 0.01864666 0.0160365  0.01618006 0.01474169 0.01436586
 0.0167053  0.01515552 0.01260639 0.0113086  0.0072192  0.00535132
 0.00649107 0.00933366 0.01167672 0.01233853 0.01173285 0.01334687
 0.01276744 0.01237565 0.01199378 0.0116593  0.01122435 0.01250579
 0.01058647 0.01195692 0.0121223  0.0115051  0.01259363 0.01227537
 0.01155832 0.01034217 0.0088654  0.01209841 0.01306003 0.01254222
 0.0146809  0.012787   0.01253419 0.01049567]","[3.16379740e-02 2.23863145e-02 1.95039843e-02 1.80426207e-02
 1.77110949e-02 1.80959292e-02 2.27388341e-02 4.08449859e-02
 3.29348655e-02 2.64843914e-02 6.16146282e-02 8.81098467e-02
 7.20043509e-02 3.24206835e-01 1.72556149e-01 1.47574392e-01
 1.58090500e-01 1.39758640e-01 9.24563362e-02 2.23729442e-01
 1.68351381e-01 1.54975542e-01 3.07560349e-01 2.66713166e-01
 2.34291279e-01 1.88360986e-01 1.68953641e-01 2.35516686e-01
 1.30690190e-01 3.10143552e-01 7.98964609e-01 2.01726841e-01
 1.21851359e-01 1.71831214e-01 1.07336069e-01 3.48119326e-02
 8.35218694e-02 5.92477647e-02 1.13168025e-01 1.20947263e-01
 4.63064986e-02 5.23947185e-02 3.12271988e-02 6.55182384e-02
 5.42203469e-02 4.69591066e-02 5.06010576e-02 1.37571837e-02
 1.45485234e-02 1.16575418e-02 1.17356258e-02 1.09870503e-02
 1.48291350e-02 5.45455649e-02 6.48241393e-02 2.90355524e-01
 3.41512313e-01 2.68330640e-02 5.04676712e-02 1.81967764e-02
 1.03004931e-01 7.56850996e-02 5.68120942e-03 1.73645406e-02
 1.59866700e-02 1.31303837e-01 8.95506584e-02 7.02977622e-03
 5.94409156e-04 1.68512238e-04 9.65723613e-05 5.52032410e-05
 8.63047723e-05 2.43137279e-04 3.72937578e-04 7.94809959e-04
 5.36766348e-04 1.54982562e-03 2.70545341e-03 2.15700966e-03
 2.15734605e-03 8.82407626e-04 4.21320595e-03 4.18804749e-03
 1.53790219e-03 8.26881187e-03 7.65439316e-03 1.16402572e-02
 2.09808073e-02 2.07408710e-02 2.51555023e-03 1.68136048e-04
 3.17632007e-05 1.26650084e-04 4.14330143e-03 1.40646717e-02
 2.25095309e-02 1.68655899e-02 8.17514900e-03 7.90750854e-03]","[0.03779792 0.0212061  0.01792023 0.01778324 0.01874632 0.00604642
 0.01669618 0.01141224 0.02017835 0.00989118 0.01234204 0.01311918
 0.0199093  0.01165173 0.01497172 0.01835074 0.02111479 0.02102659
 0.01678682 0.02316117 0.02105468 0.02178784 0.01983645 0.01838664
 0.01599802 0.01732352 0.02072956 0.01862692 0.03048082 0.03090169
 0.0314327  0.03650887 0.03918303 0.03918751 0.03748087 0.04010591
 0.04851769 0.03753205 0.03090207 0.03727759 0.0265323  0.03280593
 0.02880627 0.02371693 0.03037887 0.02895817 0.02564097 0.02901734
 0.03230108 0.03377985 0.03010815 0.0278305  0.02882042 0.03490607
 0.03152184 0.03131972 0.03624556 0.03390173 0.03005935 0.03224121
 0.03345762 0.0317406  0.03026321 0.02640828 0.02303898 0.02170348
 0.02659455 0.02821881 0.02480595 0.0256853  0.01804253 0.01241063
 0.01957357 0.02341819 0.02478109 0.02294226 0.02131795 0.02427685
 0.02182688 0.0227888  0.02267983 0.02221952 0.02049191 0.02211477
 0.0198606  0.02094845 0.02062787 0.02083177 0.02034979 0.02082221
 0.02227412 0.02070359 0.02063901 0.02293076 0.0259569  0.02121086
 0.02729159 0.02586234 0.02777549 0.02593337]","[3.34414519e+05 7.16779579e+04 4.75666983e+04 3.96839387e+04
 2.65239321e+04 5.11568802e+03 1.87502169e+03 1.34805814e+03
 1.08460614e+03 8.36586710e+02 7.63494113e+02 6.68239923e+02
 4.62575826e+02 4.90366915e+02 3.93092788e+02 3.30761987e+02
 3.10927257e+02 2.96170788e+02 2.38094013e+02 2.41464022e+02
 2.01527482e+02 1.73149408e+02 1.70107870e+02 1.56282897e+02
 1.48262182e+02 1.27167745e+02 1.22806975e+02 1.21310706e+02
 1.07397678e+02 9.82818354e+01 1.38194093e+02 1.08059844e+02
 9.80176071e+01 8.82144523e+01 8.05390583e+01 7.93980599e+01
 7.88010628e+01 7.26814857e+01 7.63686107e+01 6.95889550e+01
 6.65487384e+01 5.99365505e+01 5.22348963e+01 5.62759574e+01
 4.98130764e+01 4.89070806e+01 4.84269460e+01 4.63324491e+01
 4.75312528e+01 5.13939811e+01 5.16035977e+01 4.74002906e+01
 4.57257867e+01 3.80334097e+01 3.53415549e+01 3.34505388e+01
 3.41495723e+01 3.21030951e+01 2.79570841e+01 2.84180265e+01
 2.64759800e+01 2.87266772e+01 2.37210734e+01 2.32463058e+01
 2.03245589e+01 1.91007029e+01 2.16240040e+01 1.92135421e+01
 1.61195444e+01 1.78787899e+01 1.68299437e+01 1.61994199e+01
 1.59587367e+01 1.43318450e+01 1.34796231e+01 1.31637266e+01
 1.18593253e+01 1.30819243e+01 1.19758444e+01 1.09495606e+01
 1.02828513e+01 9.72379510e+00 9.03199043e+00 9.68950536e+00
 7.88870249e+00 8.69641480e+00 8.61545174e+00 7.90406779e+00
 8.19784257e+00 7.71283621e+00 7.14049247e+00 7.11196399e+00
 6.65194992e+00 7.74309530e+00 7.12799801e+00 6.66672477e+00
 8.22187472e+00 8.13859211e+00 8.36959643e+00 7.22852090e+00]","[1.07730618e+05 2.83272191e+04 1.95482069e+04 1.69969886e+04
 1.19279698e+04 1.78522644e+03 1.67382300e+02 1.18601824e+02
 5.29700795e+01 2.74697337e+01 3.62053967e+01 2.60089525e+01
 8.68492537e+00 2.04415927e+01 8.26346392e+00 6.92293675e+00
 3.41282522e+00 3.75588525e+00 1.73728802e+00 1.90422922e+00
 2.19188905e+00 1.87296768e+00 3.29262040e+00 1.58927196e+00
 2.54964500e+00 1.06608991e+00 1.14021651e+00 8.64542585e-01
 4.31497625e-01 1.32439026e+00 6.37469085e+00 5.38033756e-01
 2.35505881e-01 2.14269631e-01 1.47801587e-01 7.34680000e-02
 8.85360188e-02 7.99404243e-02 2.19421518e-01 1.87373491e-01
 1.59160145e-01 1.58853667e-01 5.31766176e-02 1.68432677e-01
 1.23557358e-01 9.69542809e-02 1.51948145e-01 4.47783487e-02
 8.28169587e-02 7.59656587e-01 2.68653104e+00 3.20449279e+00
 1.73810573e+00 3.84354277e-02 9.69253702e-03 3.95289111e-02
 4.79376979e-02 1.32795298e-02 3.10801096e-02 7.51311897e-03
 3.65914836e-02 6.65275828e-02 5.94571543e-03 1.82316171e-02
 7.09537807e-03 4.28800671e-02 6.32731866e-02 1.18422324e-02
 5.42300268e-03 2.52460193e-02 5.54189623e-02 5.38961618e-02
 5.80188104e-02 4.10630941e-02 7.63818918e-03 7.18640472e-03
 3.04081526e-03 8.69846876e-03 9.22452775e-03 4.14679711e-03
 3.50578291e-03 1.15546888e-03 4.75453051e-03 4.02272773e-03
 1.16378585e-03 6.31128046e-03 7.14745811e-03 7.72428047e-03
 7.43316363e-03 6.66968080e-03 6.04503608e-03 8.02995015e-03
 2.83130242e-03 4.66262026e-03 5.14281047e-03 1.22251235e-02
 3.19259364e-01 7.93579757e-01 6.00231764e-01 7.66604267e-01]","[6.57252789e+01 9.01708799e+00 4.69412161e+00 3.40401006e+00
 1.69514253e+00 2.83917062e-02 7.95706250e-03 4.77184951e-03
 7.54268732e-03 3.09991997e-03 3.39625562e-03 3.05700125e-03
 2.95484608e-03 7.31027774e-04 5.33027330e-04 4.50611963e-04
 4.40347570e-04 3.98022074e-04 2.89472962e-04 3.78782987e-04
 3.08982754e-04 2.83404309e-04 2.34848268e-04 2.04560090e-04
 1.72480891e-04 1.78827637e-04 2.03072889e-04 1.70160073e-04
 2.60242933e-04 2.45263527e-04 2.42196278e-04 2.76558366e-04
 2.82026955e-04 2.78750137e-04 2.60063936e-04 2.79729098e-04
 3.32151475e-04 2.51275124e-04 2.04085338e-04 2.42200669e-04
 1.73920677e-04 2.13981029e-04 1.82328977e-04 1.54731920e-04
 2.00520110e-04 1.89242716e-04 1.71535293e-04 1.98419664e-04
 2.18944855e-04 2.33892153e-04 2.23320622e-04 2.09952074e-04
 1.92642766e-04 2.19600382e-04 1.97315762e-04 1.93382771e-04
 2.28720935e-04 2.18363328e-04 1.95511770e-04 2.17729712e-04
 2.29033734e-04 2.25875841e-04 2.14487983e-04 1.89269121e-04
 1.71953079e-04 1.63792033e-04 2.02806339e-04 2.21115148e-04
 1.99419965e-04 2.20174278e-04 2.27912545e-04 2.35447773e-04
 2.41771199e-04 2.23590262e-04 2.26635396e-04 2.19504781e-04
 2.04525479e-04 2.32710265e-04 2.11722154e-04 2.19429351e-04
 2.20748243e-04 2.18072569e-04 2.06153137e-04 2.21839775e-04
 2.04721414e-04 2.16034424e-04 2.15685618e-04 2.18072891e-04
 2.06328101e-04 2.10000146e-04 2.22910318e-04 2.05276103e-04
 2.04342729e-04 2.19511360e-04 2.43777511e-04 1.91054896e-04
 2.34922421e-04 2.14543994e-04 2.26437045e-04 2.11762248e-04]"
